{
  "W5": {
    "top_mediator": "gender_role_traditionalism|WVS_D",
    "spectral_gap": 0.763087,
    "spectral_entropy": 3.9242,
    "spectral_radius": 1.883,
    "year": 2007,
    "fiedler_value": 0.763087,
    "n_pairs": 74,
    "wave": 5,
    "n_constructs_present": 16,
    "spectrum": [
      0.0,
      0.763087,
      0.854073,
      0.908988,
      0.95973,
      0.992986,
      0.994646,
      1.0,
      1.0,
      1.0,
      1.0,
      1.0,
      1.0,
      1.0,
      1.0,
      1.0,
      1.0,
      1.0,
      1.0,
      1.0,
      1.0,
      1.0,
      1.0,
      1.0,
      1.0,
      1.0,
      1.0,
      1.0,
      1.0,
      1.0,
      1.0,
      1.0,
      1.0,
      1.0,
      1.0,
      1.0,
      1.0,
      1.0,
      1.0,
      1.0,
      1.0,
      1.0,
      1.0,
      1.0,
      1.0,
      1.005635,
      1.050741,
      1.081409,
      1.100929,
      1.164126,
      1.240665,
      1.882985
    ]
  },
  "W7": {
    "top_mediator": "gender_role_traditionalism|WVS_D",
    "spectral_gap": 0.687678,
    "spectral_entropy": 3.9259,
    "spectral_radius": 1.4501,
    "year": 2018,
    "fiedler_value": 0.687678,
    "n_pairs": 1049,
    "wave": 7,
    "n_constructs_present": 51,
    "spectrum": [
      0.0,
      0.687678,
      0.721286,
      0.854847,
      0.866369,
      0.910962,
      0.931218,
      0.948186,
      0.96006,
      0.977984,
      0.979907,
      0.988027,
      0.989834,
      0.990846,
      0.994451,
      0.995263,
      0.997766,
      0.999452,
      0.999747,
      1.0,
      1.000332,
      1.000983,
      1.002915,
      1.004173,
      1.006428,
      1.007691,
      1.008747,
      1.010275,
      1.01236,
      1.01873,
      1.021602,
      1.023018,
      1.024552,
      1.028471,
      1.032977,
      1.037808,
      1.038275,
      1.044832,
      1.046308,
      1.053005,
      1.059024,
      1.063704,
      1.069688,
      1.07748,
      1.085866,
      1.099054,
      1.114497,
      1.164759,
      1.178123,
      1.192179,
      1.228191,
      1.450068
    ]
  },
  "W6": {
    "top_mediator": "immigrant_origin_status|WVS_G",
    "spectral_gap": 0.600854,
    "spectral_entropy": 3.9254,
    "spectral_radius": 1.3719,
    "year": 2012,
    "fiedler_value": 0.600854,
    "n_pairs": 630,
    "wave": 6,
    "n_constructs_present": 40,
    "spectrum": [
      -0.0,
      0.600854,
      0.751947,
      0.838643,
      0.870572,
      0.894604,
      0.933773,
      0.943807,
      0.973151,
      0.983908,
      0.988862,
      0.990982,
      0.996523,
      0.998494,
      0.999436,
      1.0,
      1.0,
      1.0,
      1.0,
      1.0,
      1.0,
      1.0,
      1.0,
      1.0,
      1.0,
      1.0,
      1.0,
      1.001221,
      1.006113,
      1.00883,
      1.011512,
      1.013518,
      1.019403,
      1.030034,
      1.030741,
      1.033846,
      1.042018,
      1.044982,
      1.054248,
      1.059765,
      1.069583,
      1.0775,
      1.084963,
      1.089352,
      1.105111,
      1.120471,
      1.140215,
      1.147981,
      1.195762,
      1.222859,
      1.252551,
      1.371863
    ]
  }
}