{
  "W5": {
    "top_mediator": "immigrant_origin_status|WVS_G",
    "spectral_gap": 0.813898,
    "spectral_entropy": 3.9666,
    "spectral_radius": 1.5403,
    "year": 2007,
    "fiedler_value": 0.813898,
    "n_pairs": 335,
    "wave": 5,
    "n_constructs_present": 30,
    "spectrum": [
      -0.0,
      0.813898,
      0.89021,
      0.924785,
      0.962362,
      0.981537,
      0.990609,
      0.991822,
      0.993143,
      0.996445,
      0.99735,
      0.997451,
      0.999083,
      1.0,
      1.0,
      1.0,
      1.0,
      1.0,
      1.0,
      1.0,
      1.0,
      1.0,
      1.0,
      1.0,
      1.0,
      1.0,
      1.0,
      1.0,
      1.0,
      1.0,
      1.0,
      1.0,
      1.0,
      1.0,
      1.0,
      1.0,
      1.0,
      1.000373,
      1.002851,
      1.00483,
      1.00588,
      1.007939,
      1.013082,
      1.018288,
      1.024476,
      1.030366,
      1.038638,
      1.051243,
      1.093162,
      1.123596,
      1.134965,
      1.179054,
      1.192311,
      1.540252
    ]
  },
  "W7": {
    "top_mediator": "job_scarcity_gender_discrimination|WVS_C",
    "spectral_gap": 0.768023,
    "spectral_entropy": 3.9667,
    "spectral_radius": 1.3599,
    "year": 2018,
    "fiedler_value": 0.768023,
    "n_pairs": 1187,
    "wave": 7,
    "n_constructs_present": 54,
    "spectrum": [
      -0.0,
      0.768023,
      0.783258,
      0.888932,
      0.933456,
      0.955526,
      0.978609,
      0.980534,
      0.985013,
      0.986515,
      0.990784,
      0.992453,
      0.994185,
      0.995028,
      0.996006,
      0.997077,
      0.9977,
      0.997722,
      0.999099,
      0.99942,
      0.999619,
      1.001136,
      1.001286,
      1.002328,
      1.003199,
      1.003456,
      1.004339,
      1.005309,
      1.005832,
      1.006667,
      1.007971,
      1.009326,
      1.009989,
      1.012256,
      1.014101,
      1.0166,
      1.020025,
      1.021423,
      1.025549,
      1.02714,
      1.03337,
      1.035848,
      1.040948,
      1.048583,
      1.055348,
      1.056267,
      1.064774,
      1.072496,
      1.091359,
      1.112819,
      1.167954,
      1.191589,
      1.25183,
      1.359923
    ]
  },
  "W6": {
    "top_mediator": "immigrant_origin_status|WVS_G",
    "spectral_gap": 0.673738,
    "spectral_entropy": 3.9656,
    "spectral_radius": 1.4428,
    "year": 2012,
    "fiedler_value": 0.673738,
    "n_pairs": 731,
    "wave": 6,
    "n_constructs_present": 43,
    "spectrum": [
      0.0,
      0.673738,
      0.78539,
      0.904706,
      0.931625,
      0.96336,
      0.978762,
      0.982507,
      0.984865,
      0.989472,
      0.991066,
      0.993972,
      0.994757,
      0.996769,
      0.998505,
      0.998829,
      0.999807,
      1.0,
      1.0,
      1.0,
      1.0,
      1.0,
      1.0,
      1.0,
      1.0,
      1.0,
      1.0,
      1.0,
      1.000486,
      1.001715,
      1.002233,
      1.005032,
      1.006344,
      1.007975,
      1.009188,
      1.013975,
      1.015488,
      1.019505,
      1.021492,
      1.028079,
      1.034599,
      1.03566,
      1.043948,
      1.04878,
      1.056087,
      1.068311,
      1.078241,
      1.09474,
      1.109401,
      1.122285,
      1.151535,
      1.170192,
      1.243784,
      1.442795
    ]
  }
}