{
  "W5": {
    "top_mediator": "gender_role_traditionalism|WVS_D",
    "spectral_gap": 0.627571,
    "spectral_entropy": 3.9442,
    "spectral_radius": 1.6384,
    "year": 2007,
    "fiedler_value": 0.627571,
    "n_pairs": 239,
    "wave": 5,
    "n_constructs_present": 26,
    "spectrum": [
      -0.0,
      0.627571,
      0.817221,
      0.857212,
      0.922723,
      0.95175,
      0.974117,
      0.979723,
      0.990582,
      0.991985,
      0.99858,
      0.999713,
      1.0,
      1.0,
      1.0,
      1.0,
      1.0,
      1.0,
      1.0,
      1.0,
      1.0,
      1.0,
      1.0,
      1.0,
      1.0,
      1.0,
      1.0,
      1.0,
      1.0,
      1.0,
      1.0,
      1.0,
      1.0,
      1.0,
      1.0,
      1.0,
      1.0,
      1.0,
      1.0,
      1.002219,
      1.016227,
      1.026524,
      1.032177,
      1.051393,
      1.058783,
      1.071933,
      1.09516,
      1.104229,
      1.121321,
      1.145497,
      1.235849,
      1.289087,
      1.638424
    ]
  },
  "W4": {
    "top_mediator": "gender_role_traditionalism|WVS_D",
    "spectral_gap": 0.717265,
    "spectral_entropy": 3.9456,
    "spectral_radius": 1.5341,
    "year": 2000,
    "fiedler_value": 0.717265,
    "n_pairs": 174,
    "wave": 4,
    "n_constructs_present": 22,
    "spectrum": [
      -0.0,
      0.717265,
      0.783711,
      0.901049,
      0.937383,
      0.954736,
      0.972749,
      0.991604,
      0.995332,
      1.0,
      1.0,
      1.0,
      1.0,
      1.0,
      1.0,
      1.0,
      1.0,
      1.0,
      1.0,
      1.0,
      1.0,
      1.0,
      1.0,
      1.0,
      1.0,
      1.0,
      1.0,
      1.0,
      1.0,
      1.0,
      1.0,
      1.0,
      1.0,
      1.0,
      1.0,
      1.0,
      1.0,
      1.0,
      1.0,
      1.0,
      1.003145,
      1.006707,
      1.014137,
      1.024006,
      1.053236,
      1.057996,
      1.084548,
      1.109643,
      1.149256,
      1.153866,
      1.23321,
      1.32234,
      1.534081
    ]
  },
  "W7": {
    "top_mediator": "familial_duty_obligations|WVS_D",
    "spectral_gap": 0.652287,
    "spectral_entropy": 3.9453,
    "spectral_radius": 1.3943,
    "year": 2018,
    "fiedler_value": 0.652287,
    "n_pairs": 1054,
    "wave": 7,
    "n_constructs_present": 51,
    "spectrum": [
      -0.0,
      0.652287,
      0.776637,
      0.809648,
      0.859734,
      0.892257,
      0.905835,
      0.936981,
      0.97596,
      0.982371,
      0.982852,
      0.986959,
      0.989197,
      0.990637,
      0.993194,
      0.995237,
      0.996082,
      0.998558,
      0.999091,
      1.0,
      1.0,
      1.002353,
      1.003759,
      1.004871,
      1.005582,
      1.006435,
      1.007236,
      1.011964,
      1.014173,
      1.015342,
      1.017139,
      1.019931,
      1.022862,
      1.026193,
      1.027882,
      1.030403,
      1.039237,
      1.040339,
      1.044924,
      1.048925,
      1.051527,
      1.055483,
      1.060247,
      1.070371,
      1.084939,
      1.092706,
      1.112185,
      1.117594,
      1.194044,
      1.196773,
      1.215066,
      1.241681,
      1.394316
    ]
  }
}