{
  "W3": {
    "top_mediator": "job_scarcity_gender_discrimination|WVS_C",
    "spectral_gap": 0.714474,
    "spectral_entropy": 3.9653,
    "spectral_radius": 1.4475,
    "year": 1996,
    "fiedler_value": 0.714474,
    "n_pairs": 144,
    "wave": 3,
    "n_constructs_present": 20,
    "spectrum": [
      0.0,
      0.714474,
      0.835934,
      0.885359,
      0.912247,
      0.968414,
      0.983271,
      0.994795,
      1.0,
      1.0,
      1.0,
      1.0,
      1.0,
      1.0,
      1.0,
      1.0,
      1.0,
      1.0,
      1.0,
      1.0,
      1.0,
      1.0,
      1.0,
      1.0,
      1.0,
      1.0,
      1.0,
      1.0,
      1.0,
      1.0,
      1.0,
      1.0,
      1.0,
      1.0,
      1.0,
      1.0,
      1.0,
      1.0,
      1.0,
      1.0,
      1.0,
      1.0,
      1.00159,
      1.01673,
      1.028525,
      1.040597,
      1.065283,
      1.074905,
      1.113463,
      1.167802,
      1.176091,
      1.192684,
      1.380312,
      1.447523
    ]
  },
  "W7": {
    "top_mediator": "gender_role_traditionalism|WVS_D",
    "spectral_gap": 0.779871,
    "spectral_entropy": 3.9669,
    "spectral_radius": 1.3285,
    "year": 2018,
    "fiedler_value": 0.779871,
    "n_pairs": 1150,
    "wave": 7,
    "n_constructs_present": 53,
    "spectrum": [
      -0.0,
      0.779871,
      0.825399,
      0.862727,
      0.915414,
      0.923294,
      0.950398,
      0.98001,
      0.985095,
      0.987042,
      0.989441,
      0.991725,
      0.992496,
      0.994497,
      0.995278,
      0.996953,
      0.997972,
      0.998767,
      0.999037,
      0.999663,
      1.0,
      1.000688,
      1.001061,
      1.002342,
      1.003317,
      1.003728,
      1.00445,
      1.00613,
      1.007304,
      1.007551,
      1.008865,
      1.010558,
      1.011344,
      1.013181,
      1.015887,
      1.018795,
      1.022657,
      1.025451,
      1.028717,
      1.032833,
      1.03744,
      1.041288,
      1.047328,
      1.052067,
      1.067677,
      1.068611,
      1.074273,
      1.102045,
      1.107925,
      1.12481,
      1.130643,
      1.181407,
      1.246096,
      1.328455
    ]
  },
  "W6": {
    "top_mediator": "job_scarcity_gender_discrimination|WVS_C",
    "spectral_gap": 0.719901,
    "spectral_entropy": 3.9654,
    "spectral_radius": 1.3895,
    "year": 2012,
    "fiedler_value": 0.719901,
    "n_pairs": 695,
    "wave": 6,
    "n_constructs_present": 42,
    "spectrum": [
      -0.0,
      0.719901,
      0.801014,
      0.819933,
      0.887675,
      0.896276,
      0.945955,
      0.980634,
      0.98598,
      0.988648,
      0.990219,
      0.992864,
      0.995084,
      0.996134,
      0.997661,
      0.999428,
      0.999694,
      1.0,
      1.0,
      1.0,
      1.0,
      1.0,
      1.0,
      1.0,
      1.0,
      1.0,
      1.0,
      1.0,
      1.0,
      1.000389,
      1.002372,
      1.004643,
      1.005383,
      1.009405,
      1.01172,
      1.017155,
      1.019825,
      1.02511,
      1.034088,
      1.038107,
      1.042349,
      1.050136,
      1.055236,
      1.064436,
      1.068646,
      1.078153,
      1.08149,
      1.092838,
      1.101546,
      1.138918,
      1.145639,
      1.214953,
      1.310827,
      1.389533
    ]
  }
}