{
  "W4": {
    "top_mediator": "religious_practice_and_self_identification|WVS_F",
    "spectral_gap": 0.828692,
    "spectral_entropy": 3.8242,
    "spectral_radius": 1.5116,
    "year": 2000,
    "fiedler_value": 0.828692,
    "n_pairs": 137,
    "wave": 4,
    "n_constructs_present": 20,
    "spectrum": [
      0.0,
      0.828692,
      0.871914,
      0.899515,
      0.979367,
      0.991999,
      0.997581,
      0.998659,
      0.999952,
      1.0,
      1.0,
      1.0,
      1.0,
      1.0,
      1.0,
      1.0,
      1.0,
      1.0,
      1.0,
      1.0,
      1.0,
      1.0,
      1.0,
      1.0,
      1.0,
      1.0,
      1.0,
      1.0,
      1.0,
      1.0,
      1.0,
      1.0,
      1.0,
      1.0,
      1.0,
      1.0,
      1.002858,
      1.004601,
      1.02314,
      1.035272,
      1.045979,
      1.083612,
      1.093953,
      1.124035,
      1.208913,
      1.298354,
      1.511604
    ]
  },
  "W7": {
    "top_mediator": "immigrant_origin_status|WVS_G",
    "spectral_gap": 0.667514,
    "spectral_entropy": 3.8212,
    "spectral_radius": 1.4255,
    "year": 2018,
    "fiedler_value": 0.667514,
    "n_pairs": 850,
    "wave": 7,
    "n_constructs_present": 46,
    "spectrum": [
      -0.0,
      0.667514,
      0.727847,
      0.756546,
      0.861661,
      0.902315,
      0.922094,
      0.937558,
      0.958837,
      0.97968,
      0.988416,
      0.991174,
      0.993444,
      0.994572,
      0.996223,
      0.997236,
      0.999423,
      1.0,
      1.000687,
      1.001316,
      1.00428,
      1.006934,
      1.009369,
      1.010443,
      1.014233,
      1.019521,
      1.021829,
      1.026899,
      1.030219,
      1.033642,
      1.037739,
      1.041781,
      1.043811,
      1.04864,
      1.056834,
      1.063392,
      1.074515,
      1.079652,
      1.081903,
      1.116119,
      1.121493,
      1.127589,
      1.164142,
      1.177141,
      1.23581,
      1.250039,
      1.425487
    ]
  },
  "W6": {
    "top_mediator": "immigrant_origin_status|WVS_G",
    "spectral_gap": 0.756704,
    "spectral_entropy": 3.8224,
    "spectral_radius": 1.4464,
    "year": 2012,
    "fiedler_value": 0.756704,
    "n_pairs": 593,
    "wave": 6,
    "n_constructs_present": 39,
    "spectrum": [
      -0.0,
      0.756704,
      0.761045,
      0.802428,
      0.857529,
      0.921005,
      0.932513,
      0.950628,
      0.963047,
      0.986091,
      0.990599,
      0.994034,
      0.996009,
      0.998623,
      0.999044,
      1.0,
      1.0,
      1.0,
      1.0,
      1.0,
      1.0,
      1.0,
      1.0,
      1.000202,
      1.001864,
      1.003463,
      1.007572,
      1.010883,
      1.017941,
      1.019783,
      1.025661,
      1.031763,
      1.03414,
      1.037342,
      1.043741,
      1.054333,
      1.065735,
      1.069241,
      1.081233,
      1.107741,
      1.112367,
      1.125045,
      1.144336,
      1.152277,
      1.17634,
      1.321323,
      1.446376
    ]
  }
}