{
  "W5": {
    "top_mediator": "outgroup_trust|WVS_G",
    "spectral_gap": 0.818756,
    "spectral_entropy": 3.9285,
    "spectral_radius": 1.3852,
    "year": 2007,
    "fiedler_value": 0.818756,
    "n_pairs": 287,
    "wave": 5,
    "n_constructs_present": 28,
    "spectrum": [
      0.0,
      0.818756,
      0.82613,
      0.927885,
      0.963234,
      0.977982,
      0.980017,
      0.992708,
      0.997836,
      0.998302,
      0.999434,
      0.999933,
      1.0,
      1.0,
      1.0,
      1.0,
      1.0,
      1.0,
      1.0,
      1.0,
      1.0,
      1.0,
      1.0,
      1.0,
      1.0,
      1.0,
      1.0,
      1.0,
      1.0,
      1.0,
      1.0,
      1.0,
      1.0,
      1.0,
      1.0,
      1.0,
      1.001129,
      1.004808,
      1.011897,
      1.016933,
      1.023386,
      1.026408,
      1.032929,
      1.048026,
      1.058118,
      1.077533,
      1.090566,
      1.131615,
      1.158601,
      1.206468,
      1.244177,
      1.385188
    ]
  },
  "W3": {
    "top_mediator": "gender_role_traditionalism|WVS_D",
    "spectral_gap": 0.672986,
    "spectral_entropy": 3.9254,
    "spectral_radius": 1.4892,
    "year": 1996,
    "fiedler_value": 0.672986,
    "n_pairs": 193,
    "wave": 3,
    "n_constructs_present": 23,
    "spectrum": [
      -0.0,
      0.672986,
      0.799139,
      0.829376,
      0.928886,
      0.93915,
      0.968448,
      0.98668,
      0.995772,
      1.0,
      1.0,
      1.0,
      1.0,
      1.0,
      1.0,
      1.0,
      1.0,
      1.0,
      1.0,
      1.0,
      1.0,
      1.0,
      1.0,
      1.0,
      1.0,
      1.0,
      1.0,
      1.0,
      1.0,
      1.0,
      1.0,
      1.0,
      1.0,
      1.0,
      1.0,
      1.0,
      1.0,
      1.0,
      1.002834,
      1.011447,
      1.01739,
      1.026423,
      1.037242,
      1.056,
      1.065121,
      1.108935,
      1.113909,
      1.155511,
      1.164611,
      1.229095,
      1.401816,
      1.489231
    ]
  },
  "W4": {
    "top_mediator": "gender_role_traditionalism|WVS_D",
    "spectral_gap": 0.780122,
    "spectral_entropy": 3.9276,
    "spectral_radius": 1.4363,
    "year": 2000,
    "fiedler_value": 0.780122,
    "n_pairs": 212,
    "wave": 4,
    "n_constructs_present": 24,
    "spectrum": [
      -0.0,
      0.780122,
      0.831307,
      0.911413,
      0.929481,
      0.9632,
      0.986672,
      0.993881,
      0.999305,
      1.0,
      1.0,
      1.0,
      1.0,
      1.0,
      1.0,
      1.0,
      1.0,
      1.0,
      1.0,
      1.0,
      1.0,
      1.0,
      1.0,
      1.0,
      1.0,
      1.0,
      1.0,
      1.0,
      1.0,
      1.0,
      1.0,
      1.0,
      1.0,
      1.0,
      1.0,
      1.0,
      1.0,
      1.001366,
      1.008328,
      1.00878,
      1.014963,
      1.024594,
      1.031273,
      1.054103,
      1.060008,
      1.081932,
      1.095972,
      1.122069,
      1.130801,
      1.176891,
      1.35721,
      1.436326
    ]
  },
  "W7": {
    "top_mediator": "gender_role_traditionalism|WVS_D",
    "spectral_gap": 0.725573,
    "spectral_entropy": 3.9277,
    "spectral_radius": 1.3601,
    "year": 2018,
    "fiedler_value": 0.725573,
    "n_pairs": 982,
    "wave": 7,
    "n_constructs_present": 49,
    "spectrum": [
      -0.0,
      0.725573,
      0.801409,
      0.859452,
      0.933154,
      0.952213,
      0.966871,
      0.970401,
      0.982368,
      0.985706,
      0.988613,
      0.991175,
      0.99314,
      0.994292,
      0.996341,
      0.99834,
      0.998755,
      0.99995,
      1.0,
      1.0,
      1.0,
      1.000217,
      1.002074,
      1.00309,
      1.003272,
      1.005085,
      1.005826,
      1.007727,
      1.008953,
      1.009935,
      1.011072,
      1.011589,
      1.013618,
      1.018256,
      1.02161,
      1.023785,
      1.027337,
      1.033638,
      1.035446,
      1.041562,
      1.046274,
      1.053789,
      1.055211,
      1.07441,
      1.087737,
      1.095868,
      1.109398,
      1.126582,
      1.136315,
      1.159277,
      1.273177,
      1.360119
    ]
  },
  "W6": {
    "top_mediator": "outgroup_trust|WVS_G",
    "spectral_gap": 0.705061,
    "spectral_entropy": 3.9269,
    "spectral_radius": 1.4031,
    "year": 2012,
    "fiedler_value": 0.705061,
    "n_pairs": 660,
    "wave": 6,
    "n_constructs_present": 41,
    "spectrum": [
      0.0,
      0.705061,
      0.779366,
      0.877918,
      0.917569,
      0.924592,
      0.942253,
      0.972578,
      0.979608,
      0.989933,
      0.996206,
      0.997058,
      0.997588,
      0.997714,
      0.998775,
      0.999719,
      1.0,
      1.0,
      1.0,
      1.0,
      1.0,
      1.0,
      1.0,
      1.0,
      1.0,
      1.0,
      1.0,
      1.001343,
      1.001935,
      1.003573,
      1.007381,
      1.009102,
      1.010577,
      1.012883,
      1.016076,
      1.026334,
      1.027231,
      1.0297,
      1.036448,
      1.039344,
      1.040995,
      1.057356,
      1.06525,
      1.070886,
      1.077094,
      1.090148,
      1.105036,
      1.121329,
      1.165593,
      1.215782,
      1.289519,
      1.403147
    ]
  }
}