{
  "W5": {
    "top_mediator": "immigrant_origin_status|WVS_G",
    "spectral_gap": 0.734333,
    "spectral_entropy": 3.9641,
    "spectral_radius": 1.5898,
    "year": 2007,
    "fiedler_value": 0.734333,
    "n_pairs": 288,
    "wave": 5,
    "n_constructs_present": 28,
    "spectrum": [
      0.0,
      0.734333,
      0.803243,
      0.835441,
      0.872772,
      0.898352,
      0.928995,
      0.972328,
      0.985172,
      0.987961,
      0.995587,
      0.998527,
      1.0,
      1.0,
      1.0,
      1.0,
      1.0,
      1.0,
      1.0,
      1.0,
      1.0,
      1.0,
      1.0,
      1.0,
      1.0,
      1.0,
      1.0,
      1.0,
      1.0,
      1.0,
      1.0,
      1.0,
      1.0,
      1.0,
      1.0,
      1.0,
      1.0,
      1.0,
      1.000787,
      1.003995,
      1.012311,
      1.021234,
      1.038079,
      1.05032,
      1.058153,
      1.074364,
      1.092622,
      1.09625,
      1.111684,
      1.147256,
      1.190833,
      1.206251,
      1.293391,
      1.58976
    ]
  },
  "W3": {
    "top_mediator": "gender_role_traditionalism|WVS_D",
    "spectral_gap": 0.735425,
    "spectral_entropy": 3.9656,
    "spectral_radius": 1.4167,
    "year": 1996,
    "fiedler_value": 0.735425,
    "n_pairs": 160,
    "wave": 3,
    "n_constructs_present": 21,
    "spectrum": [
      0.0,
      0.735425,
      0.814123,
      0.898035,
      0.942893,
      0.968784,
      0.983642,
      0.994726,
      1.0,
      1.0,
      1.0,
      1.0,
      1.0,
      1.0,
      1.0,
      1.0,
      1.0,
      1.0,
      1.0,
      1.0,
      1.0,
      1.0,
      1.0,
      1.0,
      1.0,
      1.0,
      1.0,
      1.0,
      1.0,
      1.0,
      1.0,
      1.0,
      1.0,
      1.0,
      1.0,
      1.0,
      1.0,
      1.0,
      1.0,
      1.0,
      1.0,
      1.001752,
      1.004979,
      1.017899,
      1.021518,
      1.036053,
      1.045063,
      1.0883,
      1.124905,
      1.150278,
      1.17187,
      1.206386,
      1.376718,
      1.416652
    ]
  },
  "W7": {
    "top_mediator": "science_skepticism|WVS_I",
    "spectral_gap": 0.691084,
    "spectral_entropy": 3.9665,
    "spectral_radius": 1.3452,
    "year": 2018,
    "fiedler_value": 0.691084,
    "n_pairs": 1095,
    "wave": 7,
    "n_constructs_present": 52,
    "spectrum": [
      -0.0,
      0.691084,
      0.848236,
      0.903082,
      0.911279,
      0.956025,
      0.962826,
      0.978144,
      0.985296,
      0.990723,
      0.99103,
      0.993329,
      0.995889,
      0.996924,
      0.998042,
      0.998139,
      0.998826,
      0.999466,
      0.999594,
      0.999716,
      1.0,
      1.0,
      1.000747,
      1.001163,
      1.001848,
      1.002052,
      1.002947,
      1.003392,
      1.003994,
      1.005608,
      1.006199,
      1.00852,
      1.009079,
      1.011372,
      1.013819,
      1.01538,
      1.01874,
      1.022564,
      1.024841,
      1.029142,
      1.030776,
      1.037672,
      1.046514,
      1.052427,
      1.05856,
      1.073427,
      1.083854,
      1.093498,
      1.115147,
      1.125708,
      1.143284,
      1.177566,
      1.237295,
      1.345215
    ]
  },
  "W6": {
    "top_mediator": "science_skepticism|WVS_I",
    "spectral_gap": 0.643978,
    "spectral_entropy": 3.9641,
    "spectral_radius": 1.427,
    "year": 2012,
    "fiedler_value": 0.643978,
    "n_pairs": 626,
    "wave": 6,
    "n_constructs_present": 40,
    "spectrum": [
      -0.0,
      0.643978,
      0.765541,
      0.803001,
      0.859337,
      0.894593,
      0.921531,
      0.944421,
      0.978924,
      0.982598,
      0.986972,
      0.99264,
      0.997059,
      0.997959,
      0.998753,
      0.999694,
      1.0,
      1.0,
      1.0,
      1.0,
      1.0,
      1.0,
      1.0,
      1.0,
      1.0,
      1.0,
      1.0,
      1.0,
      1.0,
      1.0,
      1.003801,
      1.004962,
      1.010529,
      1.013528,
      1.021327,
      1.023409,
      1.025904,
      1.037315,
      1.041417,
      1.04676,
      1.057392,
      1.062527,
      1.06326,
      1.071471,
      1.086143,
      1.090254,
      1.093314,
      1.108671,
      1.115749,
      1.154872,
      1.193007,
      1.211974,
      1.268372,
      1.427042
    ]
  }
}