{
  "W5": {
    "top_mediator": "gender_role_traditionalism|WVS_D",
    "spectral_gap": 0.755292,
    "spectral_entropy": 3.843,
    "spectral_radius": 1.589,
    "year": 2007,
    "fiedler_value": 0.755292,
    "n_pairs": 261,
    "wave": 5,
    "n_constructs_present": 27,
    "spectrum": [
      -0.0,
      0.755292,
      0.769971,
      0.798691,
      0.811529,
      0.941725,
      0.969186,
      0.98922,
      0.992403,
      0.99319,
      0.997198,
      0.999894,
      1.0,
      1.0,
      1.0,
      1.0,
      1.0,
      1.0,
      1.0,
      1.0,
      1.0,
      1.0,
      1.0,
      1.0,
      1.0,
      1.0,
      1.0,
      1.0,
      1.0,
      1.0,
      1.0,
      1.0,
      1.0,
      1.001947,
      1.006453,
      1.017009,
      1.034312,
      1.041,
      1.064605,
      1.082236,
      1.102202,
      1.108386,
      1.141377,
      1.159782,
      1.185604,
      1.195612,
      1.252153,
      1.589022
    ]
  },
  "W3": {
    "top_mediator": "job_scarcity_nativist_preference|WVS_C",
    "spectral_gap": 0.676569,
    "spectral_entropy": 3.8437,
    "spectral_radius": 1.4718,
    "year": 1996,
    "fiedler_value": 0.676569,
    "n_pairs": 119,
    "wave": 3,
    "n_constructs_present": 18,
    "spectrum": [
      -0.0,
      0.676569,
      0.80057,
      0.845102,
      0.958196,
      0.970785,
      0.995789,
      1.0,
      1.0,
      1.0,
      1.0,
      1.0,
      1.0,
      1.0,
      1.0,
      1.0,
      1.0,
      1.0,
      1.0,
      1.0,
      1.0,
      1.0,
      1.0,
      1.0,
      1.0,
      1.0,
      1.0,
      1.0,
      1.0,
      1.0,
      1.0,
      1.0,
      1.0,
      1.0,
      1.0,
      1.0,
      1.0,
      1.009418,
      1.01949,
      1.044112,
      1.079918,
      1.087035,
      1.099561,
      1.140279,
      1.176707,
      1.251588,
      1.373124,
      1.471759
    ]
  },
  "W7": {
    "top_mediator": "job_scarcity_gender_discrimination|WVS_C",
    "spectral_gap": 0.716719,
    "spectral_entropy": 3.8452,
    "spectral_radius": 1.4248,
    "year": 2018,
    "fiedler_value": 0.716719,
    "n_pairs": 790,
    "wave": 7,
    "n_constructs_present": 44,
    "spectrum": [
      -0.0,
      0.716719,
      0.775583,
      0.888022,
      0.905169,
      0.945092,
      0.951074,
      0.95726,
      0.98229,
      0.988645,
      0.991947,
      0.992804,
      0.996389,
      0.997015,
      0.998263,
      0.999821,
      1.0,
      1.0,
      1.0,
      1.0,
      1.001172,
      1.001848,
      1.003357,
      1.006051,
      1.006552,
      1.009996,
      1.012213,
      1.016202,
      1.018305,
      1.022277,
      1.025446,
      1.026769,
      1.029196,
      1.031428,
      1.037161,
      1.041807,
      1.053179,
      1.054982,
      1.057088,
      1.065505,
      1.067837,
      1.092259,
      1.10024,
      1.137473,
      1.163289,
      1.184618,
      1.222837,
      1.424819
    ]
  },
  "W6": {
    "top_mediator": "science_skepticism|WVS_I",
    "spectral_gap": 0.785623,
    "spectral_entropy": 3.845,
    "spectral_radius": 1.4948,
    "year": 2012,
    "fiedler_value": 0.785623,
    "n_pairs": 595,
    "wave": 6,
    "n_constructs_present": 39,
    "spectrum": [
      0.0,
      0.785623,
      0.790812,
      0.847511,
      0.883421,
      0.943333,
      0.983283,
      0.985323,
      0.991624,
      0.993787,
      0.994327,
      0.994941,
      0.996424,
      0.998779,
      0.999458,
      0.999554,
      1.0,
      1.0,
      1.0,
      1.0,
      1.0,
      1.0,
      1.0,
      1.0,
      1.0,
      1.002652,
      1.003443,
      1.004012,
      1.004443,
      1.006219,
      1.008461,
      1.013288,
      1.01523,
      1.025678,
      1.03106,
      1.042601,
      1.044988,
      1.047252,
      1.055872,
      1.065021,
      1.075259,
      1.082175,
      1.103756,
      1.119629,
      1.128239,
      1.17431,
      1.263399,
      1.494811
    ]
  }
}