{
  "W5": {
    "top_mediator": "immigrant_origin_status|WVS_G",
    "spectral_gap": 0.695337,
    "spectral_entropy": 3.9647,
    "spectral_radius": 1.4777,
    "year": 2007,
    "fiedler_value": 0.695337,
    "n_pairs": 334,
    "wave": 5,
    "n_constructs_present": 30,
    "spectrum": [
      0.0,
      0.695337,
      0.768626,
      0.857627,
      0.887217,
      0.920269,
      0.948484,
      0.958744,
      0.985067,
      0.987098,
      0.994428,
      0.996792,
      1.0,
      1.0,
      1.0,
      1.0,
      1.0,
      1.0,
      1.0,
      1.0,
      1.0,
      1.0,
      1.0,
      1.0,
      1.0,
      1.0,
      1.0,
      1.0,
      1.0,
      1.0,
      1.0,
      1.0,
      1.0,
      1.0,
      1.0,
      1.0,
      1.006315,
      1.012752,
      1.014661,
      1.024741,
      1.031871,
      1.035389,
      1.041039,
      1.051426,
      1.053536,
      1.080107,
      1.096976,
      1.108905,
      1.153574,
      1.166692,
      1.174518,
      1.200082,
      1.270066,
      1.477662
    ]
  },
  "W7": {
    "top_mediator": "science_skepticism|WVS_I",
    "spectral_gap": 0.636533,
    "spectral_entropy": 3.9651,
    "spectral_radius": 1.4632,
    "year": 2018,
    "fiedler_value": 0.636533,
    "n_pairs": 1187,
    "wave": 7,
    "n_constructs_present": 54,
    "spectrum": [
      -0.0,
      0.636533,
      0.788662,
      0.844632,
      0.925122,
      0.936248,
      0.961901,
      0.97626,
      0.981391,
      0.98721,
      0.990461,
      0.992487,
      0.993811,
      0.994451,
      0.995297,
      0.996221,
      0.996957,
      0.997912,
      0.998344,
      0.999303,
      1.000318,
      1.001177,
      1.001937,
      1.002114,
      1.004496,
      1.00539,
      1.006516,
      1.008661,
      1.009231,
      1.010699,
      1.012719,
      1.014536,
      1.017385,
      1.019545,
      1.022481,
      1.023759,
      1.024925,
      1.031586,
      1.035683,
      1.036853,
      1.042439,
      1.047464,
      1.050225,
      1.053486,
      1.056906,
      1.068052,
      1.069725,
      1.098505,
      1.121786,
      1.12898,
      1.147177,
      1.172091,
      1.196787,
      1.463162
    ]
  },
  "W6": {
    "top_mediator": "job_scarcity_gender_discrimination|WVS_C",
    "spectral_gap": 0.683467,
    "spectral_entropy": 3.9638,
    "spectral_radius": 1.4834,
    "year": 2012,
    "fiedler_value": 0.683467,
    "n_pairs": 559,
    "wave": 6,
    "n_constructs_present": 38,
    "spectrum": [
      -0.0,
      0.683467,
      0.687417,
      0.841292,
      0.878505,
      0.899955,
      0.917686,
      0.946651,
      0.972666,
      0.982548,
      0.986581,
      0.989255,
      0.994804,
      0.998297,
      0.999874,
      1.0,
      1.0,
      1.0,
      1.0,
      1.0,
      1.0,
      1.0,
      1.0,
      1.0,
      1.0,
      1.0,
      1.0,
      1.0,
      1.0,
      1.0,
      1.0,
      1.000007,
      1.003778,
      1.009033,
      1.012478,
      1.020358,
      1.022624,
      1.031414,
      1.034701,
      1.043129,
      1.045656,
      1.055013,
      1.064535,
      1.066825,
      1.074903,
      1.091551,
      1.101892,
      1.122196,
      1.134996,
      1.15437,
      1.189039,
      1.226545,
      1.232582,
      1.483378
    ]
  }
}