{
  "W3\u2192W4": {
    "wave_from": 3,
    "wave_to": 4,
    "year_from": 1996,
    "year_to": 2000,
    "shared_countries": 16,
    "mean_dist_from": 0.2193839526076265,
    "mean_dist_to": 0.1992105584553551,
    "delta": -0.0201733941522714,
    "interpretation": "converging"
  },
  "W4\u2192W5": {
    "wave_from": 4,
    "wave_to": 5,
    "year_from": 2000,
    "year_to": 2007,
    "shared_countries": 12,
    "mean_dist_from": 0.1680034694855359,
    "mean_dist_to": 0.18575305557640726,
    "delta": 0.01774958609087135,
    "interpretation": "diverging"
  },
  "W5\u2192W6": {
    "wave_from": 5,
    "wave_to": 6,
    "year_from": 2007,
    "year_to": 2012,
    "shared_countries": 21,
    "mean_dist_from": 0.23693831691714978,
    "mean_dist_to": 0.16825315592955561,
    "delta": -0.06868516098759417,
    "interpretation": "converging"
  },
  "W6\u2192W7": {
    "wave_from": 6,
    "wave_to": 7,
    "year_from": 2012,
    "year_to": 2018,
    "shared_countries": 33,
    "mean_dist_from": 0.14581110827432806,
    "mean_dist_to": 0.15191283839672506,
    "delta": 0.006101730122397009,
    "interpretation": "diverging"
  }
}