{
  "AND": {
    "escol": 0.09593140848454694,
    "Tam_loc": 0.042036518850694,
    "sexo": 0.05364094318760467,
    "edad": 0.08815387766193954
  },
  "ARG": {
    "escol": 0.09655608412760774,
    "Tam_loc": 0.07376099861269846,
    "sexo": 0.03956422089052485,
    "edad": 0.05501186052365238
  },
  "ARM": {
    "escol": 0.08837665767129353,
    "Tam_loc": 0.08020182442931652,
    "sexo": 0.057632492095078196,
    "edad": 0.10029319596238254
  },
  "AUS": {
    "escol": 0.1278157081631995,
    "Tam_loc": 0.05816055836525692,
    "sexo": 0.06801657080836505,
    "edad": 0.1293037588425983
  },
  "BGD": {
    "escol": 0.057997927124130697,
    "Tam_loc": 0.06744056194334551,
    "sexo": 0.049469871569362354,
    "edad": 0.03687905497097035
  },
  "BOL": {
    "escol": 0.10294848930844083,
    "Tam_loc": 0.06160806291530795,
    "sexo": 0.06341836480592651,
    "edad": 0.07603121125368772
  },
  "BRA": {
    "escol": 0.10009471450798073,
    "Tam_loc": 0.05669438688349183,
    "sexo": 0.042955895209924475,
    "edad": 0.087317683091067
  },
  "CAN": {
    "escol": 0.07676466627538625,
    "Tam_loc": 0.04681176834199119,
    "sexo": 0.0664638606924689,
    "edad": 0.1241808169117725
  },
  "CHL": {
    "escol": 0.06600272805419542,
    "Tam_loc": 0.0598281842892094,
    "sexo": 0.039621116811619526,
    "edad": 0.07314510899134248
  },
  "CHN": {
    "escol": 0.09399647336060499,
    "Tam_loc": 0.02535568386176694,
    "sexo": 0.04213891136193417,
    "edad": 0.08829965544703415
  },
  "COL": {
    "escol": 0.11056010617910983,
    "Tam_loc": 0.05807695333700435,
    "sexo": 0.05136658539789286,
    "edad": 0.08910815779710601
  },
  "CYP": {
    "escol": 0.15101326736491294,
    "Tam_loc": 0.10354733368373663,
    "sexo": 0.051342170094269925,
    "edad": 0.1337026243245096
  },
  "CZE": {
    "escol": 0.0825235305828054,
    "Tam_loc": 0.061352403715963545,
    "sexo": 0.04838698014384916,
    "edad": 0.08661873349170089
  },
  "DEU": {
    "escol": 0.11401843929907962,
    "Tam_loc": 0.05289620561290014,
    "sexo": 0.05995630215106577,
    "edad": 0.11983104943654944
  },
  "ECU": {
    "escol": 0.08093666523104781,
    "Tam_loc": 0.04147752482811724,
    "sexo": 0.057799433915504295,
    "edad": 0.08340256453608132
  },
  "EGY": {
    "escol": 0.09134124991526892,
    "Tam_loc": 0.07396549700468674,
    "sexo": 0.07031392930441671,
    "edad": 0.04924551319486736
  },
  "ETH": {
    "escol": 0.09019065269478278,
    "Tam_loc": 0.06682548335278411,
    "sexo": 0.05366917606423188,
    "edad": 0.04214838762924909
  },
  "GBR": {
    "escol": 0.14067754796223003,
    "Tam_loc": 0.03847817636703875,
    "sexo": 0.0628389859395082,
    "edad": 0.14202928776747273
  },
  "GRC": {
    "escol": 0.1603299061127956,
    "Tam_loc": 0.10615801244997988,
    "sexo": 0.05065623492012359,
    "edad": 0.13633374262249642
  },
  "GTM": {
    "escol": 0.05542828314198511,
    "Tam_loc": 0.03703726677610721,
    "sexo": 0.043515618725835835,
    "edad": 0.06789065686361166
  },
  "HKG": {
    "escol": 0.10701691378687375,
    "Tam_loc": 0,
    "sexo": 0.05108645019995315,
    "edad": 0.11317631762943907
  },
  "IDN": {
    "escol": 0.12613494973081024,
    "Tam_loc": 0.050814269148214776,
    "sexo": 0.04986626544256832,
    "edad": 0.07591724700618352
  },
  "IND": {
    "escol": 0.07728922571634056,
    "Tam_loc": 0.0671521027964246,
    "sexo": 0.06183183099339653,
    "edad": 0.05798151618475866
  },
  "IRN": {
    "escol": 0.1177358294098546,
    "Tam_loc": 0.08063798352431595,
    "sexo": 0.05962382226405716,
    "edad": 0.09297176349001927
  },
  "IRQ": {
    "escol": 0.07623178265099914,
    "Tam_loc": 0.04360727013095498,
    "sexo": 0.07757387578288721,
    "edad": 0.04042495818454554
  },
  "JOR": {
    "escol": 0.05681228515988305,
    "Tam_loc": 0.04958187400318715,
    "sexo": 0.06582624123224119,
    "edad": 0.06385650275757168
  },
  "JPN": {
    "escol": 0.0810499053194115,
    "Tam_loc": 0.027831803607763522,
    "sexo": 0.06115824313237189,
    "edad": 0.1273742269274877
  },
  "KAZ": {
    "escol": 0.05573115130543107,
    "Tam_loc": 0.06350014768313846,
    "sexo": 0.03990968601292929,
    "edad": 0.033851423579932906
  },
  "KEN": {
    "escol": 0.06308821422169066,
    "Tam_loc": 0.06568472708930241,
    "sexo": 0.0494284067914248,
    "edad": 0.03636805337735692
  },
  "KGZ": {
    "escol": 0.0826182966557725,
    "Tam_loc": 0.10879433784478788,
    "sexo": 0.049590048280506935,
    "edad": 0.06834079482297208
  },
  "KOR": {
    "escol": 0.057258122377029486,
    "Tam_loc": 0.051212565022181536,
    "sexo": 0.04488053465695807,
    "edad": 0.08162593740435257
  },
  "LBN": {
    "escol": 0.08160559069582926,
    "Tam_loc": 0.07357604310074571,
    "sexo": 0.04353589373511165,
    "edad": 0.0687802570673062
  },
  "LBY": {
    "escol": 0.033860792502472925,
    "Tam_loc": 0.08383638211824763,
    "sexo": 0.0866968313694901,
    "edad": 0.06466857982246738
  },
  "MAC": {
    "escol": 0.07209959546136842,
    "Tam_loc": 0,
    "sexo": 0.046100875784101554,
    "edad": 0.09316712558863324
  },
  "MAR": {
    "escol": 0.07546124816083745,
    "Tam_loc": 0.06281388235422485,
    "sexo": 0.04498134077735352,
    "edad": 0.04797805170092905
  },
  "MDV": {
    "escol": 0.10109651589484636,
    "Tam_loc": 0.08830437826265403,
    "sexo": 0.04905355656868697,
    "edad": 0.11101667338616354
  },
  "MEX": {
    "escol": 0.07778087261465981,
    "Tam_loc": 0.04587890104380716,
    "sexo": 0.03535958191527503,
    "edad": 0.0701079314169808
  },
  "MMR": {
    "escol": 0.09917068657957955,
    "Tam_loc": 0.05636164517321396,
    "sexo": 0.05841769645919457,
    "edad": 0.07538951049978215
  },
  "MNG": {
    "escol": 0.03898104040483474,
    "Tam_loc": 0.14779460446455403,
    "sexo": 0.022973856415582732,
    "edad": 0.026490471396527798
  },
  "MYS": {
    "escol": 0.06795131958091798,
    "Tam_loc": 0.093934859558586,
    "sexo": 0.0471140220086182,
    "edad": 0.07209689306677072
  },
  "NGA": {
    "escol": 0.09312701334899355,
    "Tam_loc": 0.08011096396110441,
    "sexo": 0.05411285759727846,
    "edad": 0.040284330102405695
  },
  "NIC": {
    "escol": 0.0765947210320256,
    "Tam_loc": 0.03799633312500537,
    "sexo": 0.04462431645508599,
    "edad": 0.05219252145739526
  },
  "NIR": {
    "escol": 0.12689050972266094,
    "Tam_loc": 0.09570069448692675,
    "sexo": 0.0679838731750424,
    "edad": 0.15004549335040832
  },
  "NLD": {
    "escol": 0.11982289304162333,
    "Tam_loc": 0.05050317532548919,
    "sexo": 0.06123556156554781,
    "edad": 0.10369315430893719
  },
  "NZL": {
    "escol": 0.12261385452532425,
    "Tam_loc": 0.047181773218703225,
    "sexo": 0.06502714198533263,
    "edad": 0.1260209730941889
  },
  "PAK": {
    "escol": 0.05928438449648004,
    "Tam_loc": 0.0500164478754654,
    "sexo": 0.07826807710631413,
    "edad": 0.03912961867488169
  },
  "PER": {
    "escol": 0.09275196823311235,
    "Tam_loc": 0.07302681098502817,
    "sexo": 0.03902663842269314,
    "edad": 0.05823554385498549
  },
  "PHL": {
    "escol": 0.07785871733954688,
    "Tam_loc": 0.07714416031832323,
    "sexo": 0.041715136241870364,
    "edad": 0.0658382363710247
  },
  "PRI": {
    "escol": 0.08032742161457272,
    "Tam_loc": 0.04970391663344607,
    "sexo": 0.06191745359967494,
    "edad": 0.09906486549292366
  },
  "ROU": {
    "escol": 0.09381662485499188,
    "Tam_loc": 0.08881614421196968,
    "sexo": 0.047611573892133364,
    "edad": 0.09417198073402575
  },
  "RUS": {
    "escol": 0.06407902539408994,
    "Tam_loc": 0.05817387424046656,
    "sexo": 0.05751854058239468,
    "edad": 0.09026730539516395
  },
  "SGP": {
    "escol": 0.12070025597635249,
    "Tam_loc": 0,
    "sexo": 0.05114021535687246,
    "edad": 0.14189522571993624
  },
  "SRB": {
    "escol": 0.07744582835586322,
    "Tam_loc": 0.08516001866702962,
    "sexo": 0.05390111306255103,
    "edad": 0.09557539470994361
  },
  "SVK": {
    "escol": 0.09210672790928998,