{
  "W3": {
    "top_mediator": "religious_belief|WVS_F",
    "spectral_gap": 0.634362,
    "spectral_entropy": 3.9044,
    "spectral_radius": 1.6193,
    "year": 1996,
    "fiedler_value": 0.634362,
    "n_pairs": 109,
    "wave": 3,
    "n_constructs_present": 18,
    "spectrum": [
      -0.0,
      0.634362,
      0.790345,
      0.84375,
      0.913822,
      0.963595,
      0.976371,
      0.999584,
      1.0,
      1.0,
      1.0,
      1.0,
      1.0,
      1.0,
      1.0,
      1.0,
      1.0,
      1.0,
      1.0,
      1.0,
      1.0,
      1.0,
      1.0,
      1.0,
      1.0,
      1.0,
      1.0,
      1.0,
      1.0,
      1.0,
      1.0,
      1.0,
      1.0,
      1.0,
      1.0,
      1.0,
      1.0,
      1.0,
      1.0,
      1.0,
      1.0,
      1.019552,
      1.040923,
      1.059519,
      1.078452,
      1.139832,
      1.188634,
      1.192287,
      1.220713,
      1.318993,
      1.619267
    ]
  },
  "W4": {
    "top_mediator": "gender_role_traditionalism|WVS_D",
    "spectral_gap": 0.582035,
    "spectral_entropy": 3.9039,
    "spectral_radius": 1.5848,
    "year": 2000,
    "fiedler_value": 0.582035,
    "n_pairs": 170,
    "wave": 4,
    "n_constructs_present": 22,
    "spectrum": [
      -0.0,
      0.582035,
      0.769741,
      0.831222,
      0.934384,
      0.949062,
      0.962039,
      0.979765,
      0.990814,
      1.0,
      1.0,
      1.0,
      1.0,
      1.0,
      1.0,
      1.0,
      1.0,
      1.0,
      1.0,
      1.0,
      1.0,
      1.0,
      1.0,
      1.0,
      1.0,
      1.0,
      1.0,
      1.0,
      1.0,
      1.0,
      1.0,
      1.0,
      1.0,
      1.0,
      1.0,
      1.0,
      1.0,
      1.0,
      1.000679,
      1.017779,
      1.023747,
      1.045718,
      1.061322,
      1.093278,
      1.114489,
      1.142709,
      1.148877,
      1.219372,
      1.245867,
      1.302298,
      1.584806
    ]
  },
  "W7": {
    "top_mediator": "science_skepticism|WVS_I",
    "spectral_gap": 0.614653,
    "spectral_entropy": 3.9055,
    "spectral_radius": 1.5049,
    "year": 2018,
    "fiedler_value": 0.614653,
    "n_pairs": 972,
    "wave": 7,
    "n_constructs_present": 49,
    "spectrum": [
      -0.0,
      0.614653,
      0.802481,
      0.848317,
      0.869413,
      0.905085,
      0.923334,
      0.924784,
      0.95478,
      0.96888,
      0.978876,
      0.986114,
      0.989558,
      0.993358,
      0.995615,
      0.996638,
      0.997573,
      0.998961,
      1.0,
      1.0,
      1.00096,
      1.002576,
      1.003873,
      1.005041,
      1.009114,
      1.010715,
      1.013105,
      1.017079,
      1.018349,
      1.021756,
      1.027258,
      1.031811,
      1.036171,
      1.03805,
      1.040139,
      1.04523,
      1.046673,
      1.049993,
      1.055196,
      1.062981,
      1.065488,
      1.0754,
      1.081793,
      1.087673,
      1.098615,
      1.110407,
      1.132595,
      1.14379,
      1.188476,
      1.226413,
      1.504862
    ]
  }
}