{
  "W5": {
    "top_mediator": "gender_role_traditionalism|WVS_D",
    "spectral_gap": 0.779381,
    "spectral_entropy": 3.6844,
    "spectral_radius": 1.3643,
    "year": 2007,
    "fiedler_value": 0.779381,
    "n_pairs": 311,
    "wave": 5,
    "n_constructs_present": 29,
    "spectrum": [
      0.0,
      0.779381,
      0.875515,
      0.892307,
      0.948753,
      0.97026,
      0.984317,
      0.991193,
      0.992952,
      0.99785,
      0.998883,
      0.999786,
      1.0,
      1.0,
      1.0,
      1.0,
      1.0,
      1.0,
      1.0,
      1.0,
      1.0,
      1.0,
      1.0,
      1.0,
      1.001368,
      1.003818,
      1.004863,
      1.00754,
      1.019253,
      1.020631,
      1.036875,
      1.03968,
      1.044599,
      1.056734,
      1.076648,
      1.09408,
      1.122568,
      1.15213,
      1.222895,
      1.300839,
      1.364282
    ]
  },
  "W3": {
    "top_mediator": "gender_role_traditionalism|WVS_D",
    "spectral_gap": 0.755265,
    "spectral_entropy": 3.684,
    "spectral_radius": 1.4691,
    "year": 1996,
    "fiedler_value": 0.755265,
    "n_pairs": 193,
    "wave": 3,
    "n_constructs_present": 23,
    "spectrum": [
      -0.0,
      0.755265,
      0.926753,
      0.964788,
      0.98173,
      0.991152,
      0.99554,
      0.996151,
      0.998611,
      0.999443,
      1.0,
      1.0,
      1.0,
      1.0,
      1.0,
      1.0,
      1.0,
      1.0,
      1.0,
      1.0,
      1.0,
      1.0,
      1.0,
      1.0,
      1.0,
      1.0,
      1.0,
      1.0,
      1.003053,
      1.003771,
      1.005897,
      1.006819,
      1.009873,
      1.019142,
      1.043057,
      1.091829,
      1.10079,
      1.141707,
      1.180558,
      1.315013,
      1.469058
    ]
  },
  "W6": {
    "top_mediator": "female_income_threat_to_marriage|WVS_D",
    "spectral_gap": 0.789108,
    "spectral_entropy": 3.6849,
    "spectral_radius": 1.3543,
    "year": 2012,
    "fiedler_value": 0.789108,
    "n_pairs": 601,
    "wave": 6,
    "n_constructs_present": 39,
    "spectrum": [
      -0.0,
      0.789108,
      0.8423,
      0.911315,
      0.94418,
      0.967602,
      0.980549,
      0.985694,
      0.990844,
      0.99497,
      0.996286,
      0.996924,
      0.99799,
      0.998958,
      0.999837,
      1.0,
      1.0,
      1.0003,
      1.000635,
      1.002237,
      1.003279,
      1.004771,
      1.006807,
      1.011126,
      1.014359,
      1.018548,
      1.023227,
      1.030435,
      1.03392,
      1.041647,
      1.048376,
      1.056523,
      1.059846,
      1.072922,
      1.075367,
      1.087413,
      1.111679,
      1.112723,
      1.173482,
      1.259559,
      1.354261
    ]
  }
}