{
  "W3": {
    "top_mediator": "gender_role_traditionalism|WVS_D",
    "spectral_gap": 0.756802,
    "spectral_entropy": 3.9452,
    "spectral_radius": 1.5082,
    "year": 1996,
    "fiedler_value": 0.756802,
    "n_pairs": 191,
    "wave": 3,
    "n_constructs_present": 23,
    "spectrum": [
      0.0,
      0.756802,
      0.814615,
      0.82343,
      0.898218,
      0.93191,
      0.97422,
      0.987691,
      0.989978,
      0.998329,
      1.0,
      1.0,
      1.0,
      1.0,
      1.0,
      1.0,
      1.0,
      1.0,
      1.0,
      1.0,
      1.0,
      1.0,
      1.0,
      1.0,
      1.0,
      1.0,
      1.0,
      1.0,
      1.0,
      1.0,
      1.0,
      1.0,
      1.0,
      1.0,
      1.0,
      1.0,
      1.0,
      1.0,
      1.0,
      1.0,
      1.000467,
      1.007791,
      1.008607,
      1.015956,
      1.050889,
      1.071491,
      1.082874,
      1.092614,
      1.131889,
      1.168282,
      1.253537,
      1.432257,
      1.508152
    ]
  },
  "W7": {
    "top_mediator": "science_skepticism|WVS_I",
    "spectral_gap": 0.698404,
    "spectral_entropy": 3.9462,
    "spectral_radius": 1.3477,
    "year": 2018,
    "fiedler_value": 0.698404,
    "n_pairs": 1105,
    "wave": 7,
    "n_constructs_present": 52,
    "spectrum": [
      -0.0,
      0.698404,
      0.772572,
      0.839574,
      0.878069,
      0.893255,
      0.934671,
      0.956696,
      0.968475,
      0.984133,
      0.985846,
      0.987252,
      0.989665,
      0.991455,
      0.994072,
      0.995174,
      0.997206,
      0.997647,
      0.997928,
      1.0,
      1.000241,
      1.00132,
      1.002864,
      1.002985,
      1.004284,
      1.005294,
      1.007856,
      1.008653,
      1.008863,
      1.011856,
      1.016566,
      1.019144,
      1.024752,
      1.025124,
      1.029674,
      1.032161,
      1.037219,
      1.039463,
      1.044676,
      1.051611,
      1.055714,
      1.062332,
      1.067254,
      1.077059,
      1.090446,
      1.093606,
      1.096089,
      1.100705,
      1.113945,
      1.142519,
      1.206202,
      1.309705,
      1.347724
    ]
  },
  "W6": {
    "top_mediator": "immigrant_origin_status|WVS_G",
    "spectral_gap": 0.642573,
    "spectral_entropy": 3.9458,
    "spectral_radius": 1.3964,
    "year": 2012,
    "fiedler_value": 0.642573,
    "n_pairs": 695,
    "wave": 6,
    "n_constructs_present": 42,
    "spectrum": [
      -0.0,
      0.642573,
      0.784891,
      0.8616,
      0.881346,
      0.928927,
      0.956219,
      0.960622,
      0.985366,
      0.988596,
      0.991066,
      0.992444,
      0.994865,
      0.995681,
      0.996994,
      0.998011,
      0.999525,
      1.0,
      1.0,
      1.0,
      1.0,
      1.0,
      1.0,
      1.0,
      1.0,
      1.0,
      1.0,
      1.0,
      1.001837,
      1.00443,
      1.004541,
      1.007406,
      1.008765,
      1.010105,
      1.017333,
      1.019096,
      1.020939,
      1.02685,
      1.031373,
      1.038587,
      1.04275,
      1.050832,
      1.063374,
      1.078444,
      1.08002,
      1.092982,
      1.115983,
      1.133405,
      1.147125,
      1.162323,
      1.210724,
      1.275617,
      1.396436
    ]
  }
}