{
  "W2": {
    "top_mediator": "gender_role_traditionalism|WVS_D",
    "spectral_gap": 0.607287,
    "spectral_entropy": 3.9634,
    "spectral_radius": 1.5271,
    "year": 1990,
    "fiedler_value": 0.607287,
    "n_pairs": 149,
    "wave": 2,
    "n_constructs_present": 20,
    "spectrum": [
      -0.0,
      0.607287,
      0.830417,
      0.86316,
      0.891014,
      0.918952,
      0.97523,
      0.990113,
      1.0,
      1.0,
      1.0,
      1.0,
      1.0,
      1.0,
      1.0,
      1.0,
      1.0,
      1.0,
      1.0,
      1.0,
      1.0,
      1.0,
      1.0,
      1.0,
      1.0,
      1.0,
      1.0,
      1.0,
      1.0,
      1.0,
      1.0,
      1.0,
      1.0,
      1.0,
      1.0,
      1.0,
      1.0,
      1.0,
      1.0,
      1.0,
      1.0,
      1.0,
      1.004379,
      1.013154,
      1.044897,
      1.057426,
      1.085559,
      1.118346,
      1.13745,
      1.149599,
      1.190734,
      1.206865,
      1.388304,
      1.527112
    ]
  },
  "W3": {
    "top_mediator": "gender_role_traditionalism|WVS_D",
    "spectral_gap": 0.635317,
    "spectral_entropy": 3.9631,
    "spectral_radius": 1.6719,
    "year": 1996,
    "fiedler_value": 0.635317,
    "n_pairs": 157,
    "wave": 3,
    "n_constructs_present": 21,
    "spectrum": [
      -0.0,
      0.635317,
      0.813217,
      0.8828,
      0.902019,
      0.962194,
      0.983908,
      0.991412,
      0.998687,
      1.0,
      1.0,
      1.0,
      1.0,
      1.0,
      1.0,
      1.0,
      1.0,
      1.0,
      1.0,
      1.0,
      1.0,
      1.0,
      1.0,
      1.0,
      1.0,
      1.0,
      1.0,
      1.0,
      1.0,
      1.0,
      1.0,
      1.0,
      1.0,
      1.0,
      1.0,
      1.0,
      1.0,
      1.0,
      1.0,
      1.0,
      1.0,
      1.0,
      1.002587,
      1.008577,
      1.029408,
      1.029506,
      1.037779,
      1.080544,
      1.101607,
      1.132215,
      1.204184,
      1.222918,
      1.309194,
      1.671928
    ]
  },
  "W4": {
    "top_mediator": "job_scarcity_gender_discrimination|WVS_C",
    "spectral_gap": 0.636875,
    "spectral_entropy": 3.9631,
    "spectral_radius": 1.6623,
    "year": 2000,
    "fiedler_value": 0.636875,
    "n_pairs": 155,
    "wave": 4,
    "n_constructs_present": 21,
    "spectrum": [
      -0.0,
      0.636875,
      0.810576,
      0.864489,
      0.923975,
      0.935847,
      0.96461,
      0.992653,
      0.997415,
      1.0,
      1.0,
      1.0,
      1.0,
      1.0,
      1.0,
      1.0,
      1.0,
      1.0,
      1.0,
      1.0,
      1.0,
      1.0,
      1.0,
      1.0,
      1.0,
      1.0,
      1.0,
      1.0,
      1.0,
      1.0,
      1.0,
      1.0,
      1.0,
      1.0,
      1.0,
      1.0,
      1.0,
      1.0,
      1.0,
      1.0,
      1.0,
      1.0,
      1.001446,
      1.023708,
      1.034331,
      1.037318,
      1.059981,
      1.072101,
      1.10256,
      1.148242,
      1.185239,
      1.23745,
      1.308932,
      1.662253
    ]
  },
  "W7": {
    "top_mediator": "gender_role_traditionalism|WVS_D",
    "spectral_gap": 0.627929,
    "spectral_entropy": 3.9643,
    "spectral_radius": 1.4613,
    "year": 2018,
    "fiedler_value": 0.627929,
    "n_pairs": 1002,
    "wave": 7,
    "n_constructs_present": 50,
    "spectrum": [
      0.0,
      0.627929,
      0.792891,
      0.825542,
      0.862705,
      0.913998,
      0.921824,
      0.946949,
      0.975634,
      0.979422,
      0.981274,
      0.987356,
      0.990968,
      0.991537,
      0.991773,
      0.99574,
      0.996876,
      0.997383,
      0.999201,
      0.999446,
      1.0,
      1.0,
      1.0,
      1.0,
      1.000798,
      1.001749,
      1.006161,
      1.008653,
      1.010154,
      1.012013,
      1.016622,
      1.020634,
      1.022774,
      1.023215,
      1.025758,
      1.029769,
      1.03269,
      1.03756,
      1.042901,
      1.04707,
      1.050971,
      1.052779,
      1.059931,
      1.063876,
      1.069193,
      1.083845,
      1.086859,
      1.100725,
      1.108445,
      1.134803,
      1.159674,
      1.201113,
      1.249484,
      1.46133
    ]
  },
  "W6": {
    "top_mediator": "immigrant_origin_status|WVS_G",
    "spectral_gap": 0.70859,
    "spectral_entropy": 3.9641,
    "spectral_radius": 1.4476,
    "year": 2012,
    "fiedler_value": 0.70859,
    "n_pairs": 768,
    "wave": 6,
    "n_constructs_present": 44,
    "spectrum": [
      -0.0,
      0.70859,
      0.714344,
      0.843306,
      0.85127,
      0.892297,
      0.920316,
      0.931285,
      0.958392,
      0.984237,
      0.987857,
      0.989894,
      0.99164,
      0.994655,
      0.997112,
      0.997597,
      0.999399,
      1.0,
      1.0,
      1.0,
      1.0,
      1.0,
      1.0,
      1.0,
      1.0,
      1.0,
      1.0,
      1.000841,
      1.003474,
      1.005884,
      1.007024,
      1.00926,
      1.012967,
      1.016557,
      1.020949,
      1.026872,
      1.030057,
      1.030769,
      1.035439,
      1.04485,
      1.04741,
      1.052872,
      1.061713,
      1.064904,
      1.067264,
      1.07525,
      1.088721,
      1.10436,
      1.106037,
      1.164345,
      1.185102,
      1.206869,
      1.320421,
      1.447597
    ]
  }
}