{
  "W4": {
    "top_mediator": "gender_role_traditionalism|WVS_D",
    "spectral_gap": 0.698954,
    "spectral_entropy": 3.9644,
    "spectral_radius": 1.4184,
    "year": 2000,
    "fiedler_value": 0.698954,
    "n_pairs": 212,
    "wave": 4,
    "n_constructs_present": 24,
    "spectrum": [
      -0.0,
      0.698954,
      0.799277,
      0.82045,
      0.902456,
      0.923658,
      0.942411,
      0.97977,
      0.99197,
      0.994325,
      1.0,
      1.0,
      1.0,
      1.0,
      1.0,
      1.0,
      1.0,
      1.0,
      1.0,
      1.0,
      1.0,
      1.0,
      1.0,
      1.0,
      1.0,
      1.0,
      1.0,
      1.0,
      1.0,
      1.0,
      1.0,
      1.0,
      1.0,
      1.0,
      1.0,
      1.0,
      1.0,
      1.0,
      1.0,
      1.0,
      1.000359,
      1.016496,
      1.028418,
      1.041539,
      1.044994,
      1.080191,
      1.089629,
      1.105403,
      1.127216,
      1.162394,
      1.189453,
      1.245693,
      1.396577,
      1.418366
    ]
  },
  "W7": {
    "top_mediator": "job_scarcity_gender_discrimination|WVS_C",
    "spectral_gap": 0.696438,
    "spectral_entropy": 3.9648,
    "spectral_radius": 1.4287,
    "year": 2018,
    "fiedler_value": 0.696438,
    "n_pairs": 1102,
    "wave": 7,
    "n_constructs_present": 52,
    "spectrum": [
      -0.0,
      0.696438,
      0.800468,
      0.812393,
      0.83906,
      0.870705,
      0.915935,
      0.936524,
      0.948608,
      0.970132,
      0.983142,
      0.984458,
      0.987172,
      0.991954,
      0.992244,
      0.993096,
      0.996136,
      0.996659,
      0.997852,
      1.0,
      1.0,
      1.000586,
      1.002303,
      1.002836,
      1.003087,
      1.005634,
      1.008824,
      1.011866,
      1.013605,
      1.014601,
      1.018256,
      1.021692,
      1.026059,
      1.02981,
      1.031988,
      1.03518,
      1.038463,
      1.039559,
      1.042741,
      1.046986,
      1.051478,
      1.06067,
      1.069982,
      1.07425,
      1.077565,
      1.083113,
      1.09024,
      1.103349,
      1.109408,
      1.12783,
      1.17225,
      1.188873,
      1.255231,
      1.428709
    ]
  },
  "W6": {
    "top_mediator": "gender_role_traditionalism|WVS_D",
    "spectral_gap": 0.690265,
    "spectral_entropy": 3.964,
    "spectral_radius": 1.479,
    "year": 2012,
    "fiedler_value": 0.690265,
    "n_pairs": 726,
    "wave": 6,
    "n_constructs_present": 43,
    "spectrum": [
      0.0,
      0.690265,
      0.753942,
      0.831828,
      0.85891,
      0.872953,
      0.898461,
      0.909331,
      0.94612,
      0.957714,
      0.982288,
      0.987365,
      0.989928,
      0.993317,
      0.995698,
      0.996544,
      0.999071,
      1.0,
      1.0,
      1.0,
      1.0,
      1.0,
      1.0,
      1.0,
      1.0,
      1.0,
      1.0,
      1.0,
      1.002774,
      1.00653,
      1.009303,
      1.013452,
      1.01828,
      1.021537,
      1.024596,
      1.030426,
      1.035027,
      1.038228,
      1.042507,
      1.050247,
      1.056478,
      1.062297,
      1.069623,
      1.076776,
      1.07878,
      1.085748,
      1.09835,
      1.112739,
      1.132957,
      1.161017,
      1.1629,
      1.197072,
      1.269601,
      1.479018
    ]
  }
}