{
  "W5": {
    "top_mediator": "gender_role_traditionalism|WVS_D",
    "spectral_gap": 0.716537,
    "spectral_entropy": 3.8861,
    "spectral_radius": 1.5141,
    "year": 2007,
    "fiedler_value": 0.716537,
    "n_pairs": 288,
    "wave": 5,
    "n_constructs_present": 28,
    "spectrum": [
      -0.0,
      0.716537,
      0.774502,
      0.883055,
      0.913006,
      0.965972,
      0.978368,
      0.984303,
      0.99117,
      0.994433,
      0.998315,
      0.999699,
      1.0,
      1.0,
      1.0,
      1.0,
      1.0,
      1.0,
      1.0,
      1.0,
      1.0,
      1.0,
      1.0,
      1.0,
      1.0,
      1.0,
      1.0,
      1.0,
      1.0,
      1.0,
      1.0,
      1.0,
      1.0,
      1.0,
      1.002669,
      1.00842,
      1.009558,
      1.01479,
      1.016686,
      1.035492,
      1.043884,
      1.055651,
      1.072603,
      1.085779,
      1.11498,
      1.141413,
      1.177591,
      1.234114,
      1.272878,
      1.514133
    ]
  },
  "W7": {
    "top_mediator": "science_skepticism|WVS_I",
    "spectral_gap": 0.760675,
    "spectral_entropy": 3.8866,
    "spectral_radius": 1.427,
    "year": 2018,
    "fiedler_value": 0.760675,
    "n_pairs": 870,
    "wave": 7,
    "n_constructs_present": 47,
    "spectrum": [
      -0.0,
      0.760675,
      0.789389,
      0.818143,
      0.891222,
      0.91629,
      0.931676,
      0.963025,
      0.971533,
      0.984614,
      0.98861,
      0.991472,
      0.992469,
      0.994094,
      0.996255,
      0.997188,
      0.998169,
      0.999554,
      1.0,
      1.0,
      1.0,
      1.000065,
      1.000879,
      1.002288,
      1.005302,
      1.005894,
      1.007209,
      1.010476,
      1.01196,
      1.014201,
      1.017833,
      1.01906,
      1.020267,
      1.02489,
      1.03104,
      1.035748,
      1.041198,
      1.045486,
      1.052402,
      1.057682,
      1.063128,
      1.066247,
      1.082215,
      1.089329,
      1.094431,
      1.121828,
      1.135666,
      1.213914,
      1.317995,
      1.426986
    ]
  },
  "W6": {
    "top_mediator": "science_skepticism|WVS_I",
    "spectral_gap": 0.77141,
    "spectral_entropy": 3.8875,
    "spectral_radius": 1.3934,
    "year": 2012,
    "fiedler_value": 0.77141,
    "n_pairs": 626,
    "wave": 6,
    "n_constructs_present": 40,
    "spectrum": [
      -0.0,
      0.77141,
      0.797657,
      0.901134,
      0.916326,
      0.969413,
      0.971833,
      0.986347,
      0.988416,
      0.99254,
      0.993372,
      0.996129,
      0.996902,
      0.997974,
      0.999306,
      0.999549,
      1.0,
      1.0,
      1.0,
      1.0,
      1.0,
      1.0,
      1.0,
      1.0,
      1.0,
      1.0,
      1.00026,
      1.001547,
      1.002856,
      1.005666,
      1.006283,
      1.007888,
      1.011768,
      1.015385,
      1.015928,
      1.018743,
      1.025814,
      1.027929,
      1.031987,
      1.039777,
      1.051405,
      1.054658,
      1.066795,
      1.072072,
      1.086002,
      1.10089,
      1.145342,
      1.23458,
      1.304755,
      1.393363
    ]
  }
}