{
  "W5": {
    "top_mediator": "gender_role_traditionalism|WVS_D",
    "spectral_gap": 0.820806,
    "spectral_entropy": 3.7337,
    "spectral_radius": 1.4301,
    "year": 2007,
    "fiedler_value": 0.820806,
    "n_pairs": 311,
    "wave": 5,
    "n_constructs_present": 29,
    "spectrum": [
      -0.0,
      0.820806,
      0.883237,
      0.942526,
      0.964917,
      0.971052,
      0.990183,
      0.99221,
      0.994732,
      0.997562,
      0.997966,
      0.999595,
      0.999702,
      1.0,
      1.0,
      1.0,
      1.0,
      1.0,
      1.0,
      1.0,
      1.0,
      1.0,
      1.0,
      1.0,
      1.0,
      1.0,
      1.0,
      1.004175,
      1.004385,
      1.009412,
      1.010806,
      1.017505,
      1.021947,
      1.029258,
      1.039775,
      1.041046,
      1.058931,
      1.087233,
      1.093481,
      1.112789,
      1.187812,
      1.296871,
      1.430087
    ]
  },
  "W3": {
    "top_mediator": "gender_role_traditionalism|WVS_D",
    "spectral_gap": 0.767636,
    "spectral_entropy": 3.7328,
    "spectral_radius": 1.4459,
    "year": 1996,
    "fiedler_value": 0.767636,
    "n_pairs": 161,
    "wave": 3,
    "n_constructs_present": 21,
    "spectrum": [
      -0.0,
      0.767636,
      0.852196,
      0.964663,
      0.986242,
      0.992679,
      0.998305,
      0.999265,
      0.999944,
      1.0,
      1.0,
      1.0,
      1.0,
      1.0,
      1.0,
      1.0,
      1.0,
      1.0,
      1.0,
      1.0,
      1.0,
      1.0,
      1.0,
      1.0,
      1.0,
      1.0,
      1.0,
      1.0,
      1.0,
      1.0,
      1.0,
      1.001963,
      1.008892,
      1.017508,
      1.024351,
      1.04304,
      1.056127,
      1.069444,
      1.08292,
      1.152944,
      1.192061,
      1.343956,
      1.445862
    ]
  },
  "W6": {
    "top_mediator": "science_skepticism|WVS_I",
    "spectral_gap": 0.744834,
    "spectral_entropy": 3.7335,
    "spectral_radius": 1.343,
    "year": 2012,
    "fiedler_value": 0.744834,
    "n_pairs": 661,
    "wave": 6,
    "n_constructs_present": 41,
    "spectrum": [
      -0.0,
      0.744834,
      0.834919,
      0.895858,
      0.937927,
      0.950181,
      0.980393,
      0.986956,
      0.994241,
      0.994684,
      0.9952,
      0.996555,
      0.998371,
      0.99857,
      0.999368,
      0.999924,
      1.0,
      1.0,
      1.000856,
      1.001262,
      1.003013,
      1.005578,
      1.007929,
      1.008617,
      1.012088,
      1.014852,
      1.021359,
      1.022152,
      1.024934,
      1.036302,
      1.040823,
      1.04342,
      1.04782,
      1.057553,
      1.062929,
      1.073163,
      1.084838,
      1.099155,
      1.102968,
      1.139642,
      1.189754,
      1.248028,
      1.342984
    ]
  }
}