{
  "W5": {
    "top_mediator": "immigrant_origin_status|WVS_G",
    "spectral_gap": 0.69948,
    "spectral_entropy": 3.9452,
    "spectral_radius": 1.4613,
    "year": 2007,
    "fiedler_value": 0.69948,
    "n_pairs": 311,
    "wave": 5,
    "n_constructs_present": 29,
    "spectrum": [
      -0.0,
      0.69948,
      0.7557,
      0.832508,
      0.874044,
      0.939208,
      0.96232,
      0.975446,
      0.984296,
      0.988721,
      0.990953,
      0.996855,
      0.999852,
      1.0,
      1.0,
      1.0,
      1.0,
      1.0,
      1.0,
      1.0,
      1.0,
      1.0,
      1.0,
      1.0,
      1.0,
      1.0,
      1.0,
      1.0,
      1.0,
      1.0,
      1.0,
      1.0,
      1.0,
      1.0,
      1.0,
      1.0,
      1.0,
      1.003818,
      1.008119,
      1.025578,
      1.028446,
      1.032521,
      1.045251,
      1.069748,
      1.07718,
      1.093251,
      1.123651,
      1.145173,
      1.166608,
      1.192287,
      1.222376,
      1.305335,
      1.461276
    ]
  },
  "W7": {
    "top_mediator": "job_scarcity_nativist_preference|WVS_C",
    "spectral_gap": 0.73573,
    "spectral_entropy": 3.9477,
    "spectral_radius": 1.3259,
    "year": 2018,
    "fiedler_value": 0.73573,
    "n_pairs": 1105,
    "wave": 7,
    "n_constructs_present": 52,
    "spectrum": [
      0.0,
      0.73573,
      0.805067,
      0.898156,
      0.947015,
      0.948796,
      0.973319,
      0.975806,
      0.985591,
      0.987412,
      0.988712,
      0.99299,
      0.994684,
      0.995301,
      0.995585,
      0.996483,
      0.998105,
      0.998676,
      0.998785,
      0.999285,
      0.999595,
      1.0,
      1.000368,
      1.000826,
      1.002545,
      1.003566,
      1.004956,
      1.005352,
      1.005784,
      1.008457,
      1.008779,
      1.011363,
      1.013917,
      1.016478,
      1.017426,
      1.023077,
      1.025342,
      1.028935,
      1.034701,
      1.03678,
      1.039878,
      1.043355,
      1.045917,
      1.053969,
      1.06488,
      1.077688,
      1.091808,
      1.103056,
      1.121101,
      1.149009,
      1.195055,
      1.224652,
      1.325887
    ]
  },
  "W6": {
    "top_mediator": "science_skepticism|WVS_I",
    "spectral_gap": 0.73153,
    "spectral_entropy": 3.9472,
    "spectral_radius": 1.361,
    "year": 2012,
    "fiedler_value": 0.73153,
    "n_pairs": 601,
    "wave": 6,
    "n_constructs_present": 39,
    "spectrum": [
      -0.0,
      0.73153,
      0.784281,
      0.847909,
      0.921167,
      0.950604,
      0.968593,
      0.975183,
      0.987531,
      0.988681,
      0.991485,
      0.995544,
      0.998544,
      0.999687,
      1.0,
      1.0,
      1.0,
      1.0,
      1.0,
      1.0,
      1.0,
      1.0,
      1.0,
      1.0,
      1.0,
      1.0,
      1.0,
      1.0,
      1.002264,
      1.003084,
      1.005299,
      1.006939,
      1.009013,
      1.013991,
      1.017089,
      1.025109,
      1.028592,
      1.03198,
      1.036807,
      1.039842,
      1.045613,
      1.049856,
      1.066793,
      1.069435,
      1.072215,
      1.07731,
      1.094927,
      1.114439,
      1.122497,
      1.137008,
      1.201502,
      1.22666,
      1.360997
    ]
  }
}