{
  "W3": {
    "top_mediator": "gender_role_traditionalism|WVS_D",
    "spectral_gap": 0.609941,
    "spectral_entropy": 3.9435,
    "spectral_radius": 1.7548,
    "year": 1996,
    "fiedler_value": 0.609941,
    "n_pairs": 42,
    "wave": 3,
    "n_constructs_present": 11,
    "spectrum": [
      0.0,
      0.609941,
      0.861612,
      0.979389,
      0.983515,
      1.0,
      1.0,
      1.0,
      1.0,
      1.0,
      1.0,
      1.0,
      1.0,
      1.0,
      1.0,
      1.0,
      1.0,
      1.0,
      1.0,
      1.0,
      1.0,
      1.0,
      1.0,
      1.0,
      1.0,
      1.0,
      1.0,
      1.0,
      1.0,
      1.0,
      1.0,
      1.0,
      1.0,
      1.0,
      1.0,
      1.0,
      1.0,
      1.0,
      1.0,
      1.0,
      1.0,
      1.0,
      1.0,
      1.0,
      1.0,
      1.0,
      1.0,
      1.016111,
      1.11096,
      1.125182,
      1.193224,
      1.36526,
      1.754806
    ]
  },
  "W4": {
    "top_mediator": "gender_role_traditionalism|WVS_D",
    "spectral_gap": 0.638955,
    "spectral_entropy": 3.9439,
    "spectral_radius": 1.6204,
    "year": 2000,
    "fiedler_value": 0.638955,
    "n_pairs": 137,
    "wave": 4,
    "n_constructs_present": 20,
    "spectrum": [
      0.0,
      0.638955,
      0.812601,
      0.844093,
      0.90933,
      0.940511,
      0.965786,
      0.981951,
      0.997894,
      1.0,
      1.0,
      1.0,
      1.0,
      1.0,
      1.0,
      1.0,
      1.0,
      1.0,
      1.0,
      1.0,
      1.0,
      1.0,
      1.0,
      1.0,
      1.0,
      1.0,
      1.0,
      1.0,
      1.0,
      1.0,
      1.0,
      1.0,
      1.0,
      1.0,
      1.0,
      1.0,
      1.0,
      1.0,
      1.0,
      1.0,
      1.0,
      1.0,
      1.011279,
      1.024961,
      1.042483,
      1.070512,
      1.095471,
      1.136591,
      1.149447,
      1.170759,
      1.213826,
      1.373117,
      1.620433
    ]
  },
  "W7": {
    "top_mediator": "work_ethic|WVS_C",
    "spectral_gap": 0.72501,
    "spectral_entropy": 3.9459,
    "spectral_radius": 1.4603,
    "year": 2018,
    "fiedler_value": 0.72501,
    "n_pairs": 1015,
    "wave": 7,
    "n_constructs_present": 50,
    "spectrum": [
      -0.0,
      0.72501,
      0.755709,
      0.85353,
      0.892152,
      0.90324,
      0.925144,
      0.965984,
      0.976756,
      0.984151,
      0.987939,
      0.988547,
      0.990163,
      0.992487,
      0.995178,
      0.996509,
      0.997315,
      0.998456,
      0.998711,
      1.0,
      1.0,
      1.0,
      1.000083,
      1.002629,
      1.003447,
      1.004736,
      1.006227,
      1.008173,
      1.009351,
      1.014066,
      1.015918,
      1.017671,
      1.019459,
      1.02134,
      1.024106,
      1.024965,
      1.029037,
      1.033876,
      1.03753,
      1.042221,
      1.043537,
      1.049019,
      1.058418,
      1.061677,
      1.070715,
      1.076989,
      1.084306,
      1.09017,
      1.120618,
      1.137779,
      1.232123,
      1.272535,
      1.4603
    ]
  }
}