{
  "W5": {
    "top_mediator": "immigrant_origin_status|WVS_G",
    "spectral_gap": 0.723706,
    "spectral_entropy": 3.9653,
    "spectral_radius": 1.4202,
    "year": 2007,
    "fiedler_value": 0.723706,
    "n_pairs": 311,
    "wave": 5,
    "n_constructs_present": 29,
    "spectrum": [
      -0.0,
      0.723706,
      0.805419,
      0.866906,
      0.923764,
      0.960433,
      0.977673,
      0.989976,
      0.993133,
      0.995525,
      0.99665,
      0.999433,
      1.0,
      1.0,
      1.0,
      1.0,
      1.0,
      1.0,
      1.0,
      1.0,
      1.0,
      1.0,
      1.0,
      1.0,
      1.0,
      1.0,
      1.0,
      1.0,
      1.0,
      1.0,
      1.0,
      1.0,
      1.0,
      1.0,
      1.0,
      1.0,
      1.0,
      1.001933,
      1.002706,
      1.00473,
      1.008841,
      1.014273,
      1.021653,
      1.026394,
      1.05123,
      1.058521,
      1.067966,
      1.074723,
      1.111364,
      1.153259,
      1.161811,
      1.204869,
      1.382875,
      1.420231
    ]
  },
  "W3": {
    "top_mediator": "job_scarcity_gender_discrimination|WVS_C",
    "spectral_gap": 0.671993,
    "spectral_entropy": 3.9643,
    "spectral_radius": 1.5341,
    "year": 1996,
    "fiedler_value": 0.671993,
    "n_pairs": 193,
    "wave": 3,
    "n_constructs_present": 23,
    "spectrum": [
      0.0,
      0.671993,
      0.820991,
      0.881079,
      0.927716,
      0.958021,
      0.983641,
      0.986087,
      0.992584,
      0.998288,
      1.0,
      1.0,
      1.0,
      1.0,
      1.0,
      1.0,
      1.0,
      1.0,
      1.0,
      1.0,
      1.0,
      1.0,
      1.0,
      1.0,
      1.0,
      1.0,
      1.0,
      1.0,
      1.0,
      1.0,
      1.0,
      1.0,
      1.0,
      1.0,
      1.0,
      1.0,
      1.0,
      1.0,
      1.0,
      1.0,
      1.0,
      1.002377,
      1.007762,
      1.01383,
      1.025441,
      1.034816,
      1.090026,
      1.098318,
      1.100544,
      1.132632,
      1.161193,
      1.176189,
      1.40235,
      1.53412
    ]
  },
  "W4": {
    "top_mediator": "gender_role_traditionalism|WVS_D",
    "spectral_gap": 0.692504,
    "spectral_entropy": 3.965,
    "spectral_radius": 1.4418,
    "year": 2000,
    "fiedler_value": 0.692504,
    "n_pairs": 212,
    "wave": 4,
    "n_constructs_present": 24,
    "spectrum": [
      -0.0,
      0.692504,
      0.847905,
      0.876085,
      0.905763,
      0.914062,
      0.946929,
      0.98774,
      0.992933,
      0.99937,
      1.0,
      1.0,
      1.0,
      1.0,
      1.0,
      1.0,
      1.0,
      1.0,
      1.0,
      1.0,
      1.0,
      1.0,
      1.0,
      1.0,
      1.0,
      1.0,
      1.0,
      1.0,
      1.0,
      1.0,
      1.0,
      1.0,
      1.0,
      1.0,
      1.0,
      1.0,
      1.0,
      1.0,
      1.0,
      1.0,
      1.001775,
      1.006442,
      1.0313,
      1.041424,
      1.044433,
      1.061764,
      1.06713,
      1.109034,
      1.120871,
      1.145936,
      1.199998,
      1.217136,
      1.347674,
      1.441793
    ]
  },
  "W7": {
    "top_mediator": "science_skepticism|WVS_I",
    "spectral_gap": 0.725715,
    "spectral_entropy": 3.9651,
    "spectral_radius": 1.417,
    "year": 2018,
    "fiedler_value": 0.725715,
    "n_pairs": 1095,
    "wave": 7,
    "n_constructs_present": 52,
    "spectrum": [
      0.0,
      0.725715,
      0.788252,
      0.801177,
      0.864134,
      0.868552,
      0.892109,
      0.950133,
      0.963105,
      0.97721,
      0.983229,
      0.986098,
      0.988917,
      0.991183,
      0.994873,
      0.996611,
      0.998113,
      0.998921,
      0.999195,
      1.0,
      1.0,
      1.000342,
      1.002064,
      1.004554,
      1.005138,
      1.006166,
      1.007529,
      1.010732,
      1.013169,
      1.017213,
      1.021918,
      1.023002,
      1.023689,
      1.025295,
      1.028148,
      1.031371,
      1.034918,
      1.035578,
      1.039575,
      1.0466,
      1.051384,
      1.054247,
      1.06522,
      1.071954,
      1.076556,
      1.089023,
      1.100469,
      1.106516,
      1.122704,
      1.132255,
      1.158115,
      1.186091,
      1.223936,
      1.417
    ]
  },
  "W6": {
    "top_mediator": "immigrant_origin_status|WVS_G",
    "spectral_gap": 0.743453,
    "spectral_entropy": 3.9648,
    "spectral_radius": 1.4479,
    "year": 2012,
    "fiedler_value": 0.743453,
    "n_pairs": 660,
    "wave": 6,
    "n_constructs_present": 41,
    "spectrum": [
      0.0,
      0.743453,
      0.772403,
      0.821736,
      0.860439,
      0.869469,
      0.924853,
      0.941183,
      0.965323,
      0.978156,
      0.986981,
      0.990516,
      0.995349,
      0.996093,
      0.996557,
      0.998957,
      1.0,
      1.0,
      1.0,
      1.0,
      1.0,
      1.0,
      1.0,
      1.0,
      1.0,
      1.0,
      1.0,
      1.0,
      1.0,
      1.002032,
      1.004403,
      1.006459,
      1.008075,
      1.012088,
      1.016883,
      1.01789,
      1.020889,
      1.024388,
      1.029911,
      1.040654,
      1.046344,
      1.055795,
      1.056287,
      1.064009,
      1.069136,
      1.095812,
      1.107388,
      1.120837,
      1.141831,
      1.146391,
      1.149548,
      1.21936,
      1.254219,
      1.4479
    ]
  }
}