{
  "W3": {
    "top_mediator": "gender_role_traditionalism|WVS_D",
    "spectral_gap": 0.725947,
    "spectral_entropy": 3.906,
    "spectral_radius": 1.4822,
    "year": 1996,
    "fiedler_value": 0.725947,
    "n_pairs": 177,
    "wave": 3,
    "n_constructs_present": 22,
    "spectrum": [
      0.0,
      0.725947,
      0.758764,
      0.844696,
      0.931414,
      0.963488,
      0.977536,
      0.987822,
      0.999283,
      1.0,
      1.0,
      1.0,
      1.0,
      1.0,
      1.0,
      1.0,
      1.0,
      1.0,
      1.0,
      1.0,
      1.0,
      1.0,
      1.0,
      1.0,
      1.0,
      1.0,
      1.0,
      1.0,
      1.0,
      1.0,
      1.0,
      1.0,
      1.0,
      1.0,
      1.0,
      1.0,
      1.0,
      1.0,
      1.003644,
      1.003846,
      1.014122,
      1.051074,
      1.056548,
      1.068571,
      1.098333,
      1.117874,
      1.134519,
      1.171253,
      1.270159,
      1.338893,
      1.482212
    ]
  },
  "W4": {
    "top_mediator": "gender_role_traditionalism|WVS_D",
    "spectral_gap": 0.672958,
    "spectral_entropy": 3.905,
    "spectral_radius": 1.5365,
    "year": 2000,
    "fiedler_value": 0.672958,
    "n_pairs": 189,
    "wave": 4,
    "n_constructs_present": 23,
    "spectrum": [
      0.0,
      0.672958,
      0.817345,
      0.829094,
      0.928288,
      0.946267,
      0.970196,
      0.972641,
      0.979796,
      0.995711,
      1.0,
      1.0,
      1.0,
      1.0,
      1.0,
      1.0,
      1.0,
      1.0,
      1.0,
      1.0,
      1.0,
      1.0,
      1.0,
      1.0,
      1.0,
      1.0,
      1.0,
      1.0,
      1.0,
      1.0,
      1.0,
      1.0,
      1.0,
      1.0,
      1.0,
      1.0,
      1.0,
      1.0,
      1.001764,
      1.003616,
      1.009986,
      1.02468,
      1.034809,
      1.063239,
      1.0785,
      1.109533,
      1.146343,
      1.215307,
      1.28183,
      1.381644,
      1.536453
    ]
  },
  "W7": {
    "top_mediator": "gender_role_traditionalism|WVS_D",
    "spectral_gap": 0.718753,
    "spectral_entropy": 3.9048,
    "spectral_radius": 1.4922,
    "year": 2018,
    "fiedler_value": 0.718753,
    "n_pairs": 1010,
    "wave": 7,
    "n_constructs_present": 50,
    "spectrum": [
      -0.0,
      0.718753,
      0.755158,
      0.790268,
      0.815423,
      0.846099,
      0.876405,
      0.89976,
      0.920768,
      0.95528,
      0.977641,
      0.982644,
      0.985099,
      0.98918,
      0.991272,
      0.993109,
      0.99599,
      0.996301,
      0.99894,
      1.0,
      1.000917,
      1.00172,
      1.003379,
      1.005449,
      1.006849,
      1.008549,
      1.010888,
      1.015621,
      1.018667,
      1.022627,
      1.027801,
      1.032569,
      1.03736,
      1.039361,
      1.040515,
      1.05049,
      1.06023,
      1.070952,
      1.072852,
      1.080454,
      1.080965,
      1.085707,
      1.092156,
      1.110302,
      1.116061,
      1.138377,
      1.158835,
      1.164244,
      1.197769,
      1.268005,
      1.492239
    ]
  }
}