{
  "W3": {
    "top_mediator": "gender_role_traditionalism|WVS_D",
    "spectral_gap": 0.734101,
    "spectral_entropy": 3.9266,
    "spectral_radius": 1.5749,
    "year": 1996,
    "fiedler_value": 0.734101,
    "n_pairs": 177,
    "wave": 3,
    "n_constructs_present": 22,
    "spectrum": [
      -0.0,
      0.734101,
      0.876677,
      0.940683,
      0.955013,
      0.987011,
      0.994375,
      0.99736,
      0.998234,
      1.0,
      1.0,
      1.0,
      1.0,
      1.0,
      1.0,
      1.0,
      1.0,
      1.0,
      1.0,
      1.0,
      1.0,
      1.0,
      1.0,
      1.0,
      1.0,
      1.0,
      1.0,
      1.0,
      1.0,
      1.0,
      1.0,
      1.0,
      1.0,
      1.0,
      1.0,
      1.0,
      1.0,
      1.0,
      1.0,
      1.002604,
      1.004217,
      1.008094,
      1.014028,
      1.019243,
      1.023381,
      1.034101,
      1.080615,
      1.091532,
      1.118579,
      1.182032,
      1.363214,
      1.574905
    ]
  },
  "W7": {
    "top_mediator": "science_skepticism|WVS_I",
    "spectral_gap": 0.738702,
    "spectral_entropy": 3.9279,
    "spectral_radius": 1.3576,
    "year": 2018,
    "fiedler_value": 0.738702,
    "n_pairs": 1018,
    "wave": 7,
    "n_constructs_present": 50,
    "spectrum": [
      0.0,
      0.738702,
      0.846334,
      0.881305,
      0.904186,
      0.922938,
      0.947606,
      0.970537,
      0.979604,
      0.98463,
      0.987561,
      0.991499,
      0.99232,
      0.994962,
      0.995592,
      0.996194,
      0.997199,
      0.999337,
      0.999608,
      1.0,
      1.0,
      1.000495,
      1.000977,
      1.001406,
      1.003299,
      1.00498,
      1.005274,
      1.007887,
      1.008943,
      1.011976,
      1.012895,
      1.013372,
      1.016661,
      1.023291,
      1.024715,
      1.027697,
      1.029944,
      1.03424,
      1.036719,
      1.045085,
      1.051653,
      1.053166,
      1.054799,
      1.061483,
      1.072994,
      1.085795,
      1.097887,
      1.111997,
      1.145237,
      1.17956,
      1.287831,
      1.357631
    ]
  },
  "W6": {
    "top_mediator": "science_skepticism|WVS_I",
    "spectral_gap": 0.645448,
    "spectral_entropy": 3.9265,
    "spectral_radius": 1.4269,
    "year": 2012,
    "fiedler_value": 0.645448,
    "n_pairs": 663,
    "wave": 6,
    "n_constructs_present": 41,
    "spectrum": [
      0.0,
      0.645448,
      0.816784,
      0.870153,
      0.909517,
      0.949499,
      0.960368,
      0.975576,
      0.983809,
      0.986247,
      0.991158,
      0.992981,
      0.993872,
      0.99671,
      0.99868,
      0.999391,
      1.0,
      1.0,
      1.0,
      1.0,
      1.0,
      1.0,
      1.0,
      1.0,
      1.0,
      1.0,
      1.0,
      1.000124,
      1.001086,
      1.00294,
      1.003775,
      1.006515,
      1.010007,
      1.013953,
      1.015947,
      1.022957,
      1.027388,
      1.02954,
      1.039946,
      1.042035,
      1.051352,
      1.058163,
      1.061595,
      1.066391,
      1.076158,
      1.092461,
      1.108426,
      1.125613,
      1.161779,
      1.181604,
      1.303138,
      1.426916
    ]
  }
}