{
  "W5": {
    "top_mediator": "gender_role_traditionalism|WVS_D",
    "spectral_gap": 0.640608,
    "spectral_entropy": 3.9444,
    "spectral_radius": 1.5424,
    "year": 2007,
    "fiedler_value": 0.640608,
    "n_pairs": 334,
    "wave": 5,
    "n_constructs_present": 30,
    "spectrum": [
      0.0,
      0.640608,
      0.776143,
      0.836675,
      0.876391,
      0.947034,
      0.970246,
      0.978685,
      0.982812,
      0.990387,
      0.997087,
      0.998678,
      1.0,
      1.0,
      1.0,
      1.0,
      1.0,
      1.0,
      1.0,
      1.0,
      1.0,
      1.0,
      1.0,
      1.0,
      1.0,
      1.0,
      1.0,
      1.0,
      1.0,
      1.0,
      1.0,
      1.0,
      1.0,
      1.0,
      1.0,
      1.003,
      1.003989,
      1.010614,
      1.012408,
      1.018729,
      1.022927,
      1.033778,
      1.040796,
      1.050471,
      1.053982,
      1.060364,
      1.115383,
      1.155867,
      1.165891,
      1.18322,
      1.215048,
      1.316418,
      1.542367
    ]
  },
  "W3": {
    "top_mediator": "gender_role_traditionalism|WVS_D",
    "spectral_gap": 0.66926,
    "spectral_entropy": 3.9459,
    "spectral_radius": 1.4053,
    "year": 1996,
    "fiedler_value": 0.66926,
    "n_pairs": 193,
    "wave": 3,
    "n_constructs_present": 23,
    "spectrum": [
      -0.0,
      0.66926,
      0.835247,
      0.900587,
      0.913886,
      0.971306,
      0.981487,
      0.984846,
      0.995529,
      0.999724,
      1.0,
      1.0,
      1.0,
      1.0,
      1.0,
      1.0,
      1.0,
      1.0,
      1.0,
      1.0,
      1.0,
      1.0,
      1.0,
      1.0,
      1.0,
      1.0,
      1.0,
      1.0,
      1.0,
      1.0,
      1.0,
      1.0,
      1.0,
      1.0,
      1.0,
      1.0,
      1.0,
      1.0,
      1.0,
      1.0,
      1.00355,
      1.007821,
      1.018828,
      1.028303,
      1.041868,
      1.058688,
      1.112309,
      1.131302,
      1.150507,
      1.191545,
      1.225454,
      1.372615,
      1.40534
    ]
  },
  "W4": {
    "top_mediator": "gender_role_traditionalism|WVS_D",
    "spectral_gap": 0.68154,
    "spectral_entropy": 3.9447,
    "spectral_radius": 1.4669,
    "year": 2000,
    "fiedler_value": 0.68154,
    "n_pairs": 230,
    "wave": 4,
    "n_constructs_present": 25,
    "spectrum": [
      -0.0,
      0.68154,
      0.750922,
      0.828385,
      0.895116,
      0.937982,
      0.97092,
      0.991222,
      0.995566,
      0.999799,
      1.0,
      1.0,
      1.0,
      1.0,
      1.0,
      1.0,
      1.0,
      1.0,
      1.0,
      1.0,
      1.0,
      1.0,
      1.0,
      1.0,
      1.0,
      1.0,
      1.0,
      1.0,
      1.0,
      1.0,
      1.0,
      1.0,
      1.0,
      1.0,
      1.0,
      1.0,
      1.0,
      1.0,
      1.003068,
      1.006595,
      1.015517,
      1.01939,
      1.029925,
      1.037029,
      1.060494,
      1.075574,
      1.093426,
      1.123452,
      1.163256,
      1.206308,
      1.261599,
      1.386066,
      1.466851
    ]
  },
  "W7": {
    "top_mediator": "science_skepticism|WVS_I",
    "spectral_gap": 0.704026,
    "spectral_entropy": 3.9462,
    "spectral_radius": 1.4925,
    "year": 2018,
    "fiedler_value": 0.704026,
    "n_pairs": 993,
    "wave": 7,
    "n_constructs_present": 50,
    "spectrum": [
      0.0,
      0.704026,
      0.759457,
      0.875229,
      0.926989,
      0.969541,
      0.973125,
      0.977037,
      0.983664,
      0.984842,
      0.989485,
      0.991897,
      0.992594,
      0.993237,
      0.995408,
      0.995524,
      0.996239,
      0.99678,
      0.99821,
      0.998376,
      0.99924,
      1.0,
      1.0,
      1.0,
      1.000766,
      1.002208,
      1.003448,
      1.004103,
      1.005562,
      1.00724,
      1.009728,
      1.010597,
      1.012081,
      1.013264,
      1.016897,
      1.018997,
      1.021304,
      1.024438,
      1.029019,
      1.036283,
      1.038588,
      1.046679,
      1.053379,
      1.059242,
      1.062996,
      1.065909,
      1.084478,
      1.091846,
      1.109419,
      1.147262,
      1.188287,
      1.242608,
      1.49247
    ]
  }
}