{
  "W3": {
    "top_mediator": "gender_role_traditionalism|WVS_D",
    "spectral_gap": 0.719613,
    "spectral_entropy": 3.9462,
    "spectral_radius": 1.4619,
    "year": 1996,
    "fiedler_value": 0.719613,
    "n_pairs": 193,
    "wave": 3,
    "n_constructs_present": 23,
    "spectrum": [
      -0.0,
      0.719613,
      0.801882,
      0.897162,
      0.944533,
      0.95605,
      0.985292,
      0.989352,
      0.996719,
      1.0,
      1.0,
      1.0,
      1.0,
      1.0,
      1.0,
      1.0,
      1.0,
      1.0,
      1.0,
      1.0,
      1.0,
      1.0,
      1.0,
      1.0,
      1.0,
      1.0,
      1.0,
      1.0,
      1.0,
      1.0,
      1.0,
      1.0,
      1.0,
      1.0,
      1.0,
      1.0,
      1.0,
      1.0,
      1.0,
      1.000237,
      1.003725,
      1.008186,
      1.019977,
      1.036259,
      1.049281,
      1.083406,
      1.089341,
      1.104358,
      1.136516,
      1.150551,
      1.220605,
      1.345012,
      1.461942
    ]
  },
  "W4": {
    "top_mediator": "gender_role_traditionalism|WVS_D",
    "spectral_gap": 0.764776,
    "spectral_entropy": 3.9461,
    "spectral_radius": 1.4162,
    "year": 2000,
    "fiedler_value": 0.764776,
    "n_pairs": 230,
    "wave": 4,
    "n_constructs_present": 25,
    "spectrum": [
      -0.0,
      0.764776,
      0.804917,
      0.856818,
      0.868316,
      0.933357,
      0.947082,
      0.978916,
      0.990046,
      1.0,
      1.0,
      1.0,
      1.0,
      1.0,
      1.0,
      1.0,
      1.0,
      1.0,
      1.0,
      1.0,
      1.0,
      1.0,
      1.0,
      1.0,
      1.0,
      1.0,
      1.0,
      1.0,
      1.0,
      1.0,
      1.0,
      1.0,
      1.0,
      1.0,
      1.0,
      1.0,
      1.0,
      1.001658,
      1.007577,
      1.008522,
      1.013463,
      1.023877,
      1.041389,
      1.057422,
      1.081835,
      1.084333,
      1.101829,
      1.118256,
      1.140603,
      1.16199,
      1.210111,
      1.386672,
      1.416234
    ]
  },
  "W7": {
    "top_mediator": "science_skepticism|WVS_I",
    "spectral_gap": 0.678431,
    "spectral_entropy": 3.9459,
    "spectral_radius": 1.3516,
    "year": 2018,
    "fiedler_value": 0.678431,
    "n_pairs": 1097,
    "wave": 7,
    "n_constructs_present": 52,
    "spectrum": [
      -0.0,
      0.678431,
      0.77123,
      0.820164,
      0.874018,
      0.916822,
      0.94585,
      0.948886,
      0.96069,
      0.976995,
      0.982114,
      0.985857,
      0.990084,
      0.991346,
      0.993624,
      0.995357,
      0.996317,
      0.99788,
      0.998848,
      1.0,
      1.000445,
      1.000758,
      1.001336,
      1.002775,
      1.003202,
      1.004579,
      1.007544,
      1.008881,
      1.011246,
      1.013672,
      1.014257,
      1.015818,
      1.019921,
      1.020421,
      1.027907,
      1.032752,
      1.038656,
      1.039899,
      1.045128,
      1.04749,
      1.049442,
      1.055973,
      1.072566,
      1.083218,
      1.088341,
      1.093635,
      1.102731,
      1.118898,
      1.14449,
      1.181303,
      1.184499,
      1.292078,
      1.351628
    ]
  }
}