{
  "W5": {
    "top_mediator": "gender_role_traditionalism|WVS_D",
    "spectral_gap": 0.711485,
    "spectral_entropy": 3.7549,
    "spectral_radius": 1.4935,
    "year": 2007,
    "fiedler_value": 0.711485,
    "n_pairs": 311,
    "wave": 5,
    "n_constructs_present": 29,
    "spectrum": [
      -0.0,
      0.711485,
      0.807518,
      0.882779,
      0.926764,
      0.940727,
      0.963566,
      0.970126,
      0.980505,
      0.985531,
      0.992037,
      0.995066,
      0.999438,
      1.0,
      1.0,
      1.0,
      1.0,
      1.0,
      1.0,
      1.0,
      1.0,
      1.0,
      1.0,
      1.0,
      1.0,
      1.0,
      1.0,
      1.0,
      1.002755,
      1.013491,
      1.016205,
      1.020487,
      1.04555,
      1.048076,
      1.055549,
      1.069964,
      1.089037,
      1.091385,
      1.105468,
      1.122347,
      1.14566,
      1.212196,
      1.312771,
      1.493516
    ]
  },
  "W4": {
    "top_mediator": "gender_role_traditionalism|WVS_D",
    "spectral_gap": 0.759728,
    "spectral_entropy": 3.7561,
    "spectral_radius": 1.4551,
    "year": 2000,
    "fiedler_value": 0.759728,
    "n_pairs": 214,
    "wave": 4,
    "n_constructs_present": 24,
    "spectrum": [
      0.0,
      0.759728,
      0.85652,
      0.904063,
      0.956408,
      0.982863,
      0.988477,
      0.996469,
      0.998642,
      0.999306,
      1.0,
      1.0,
      1.0,
      1.0,
      1.0,
      1.0,
      1.0,
      1.0,
      1.0,
      1.0,
      1.0,
      1.0,
      1.0,
      1.0,
      1.0,
      1.0,
      1.0,
      1.0,
      1.0,
      1.0,
      1.001421,
      1.003299,
      1.008594,
      1.013427,
      1.017322,
      1.033772,
      1.049557,
      1.054445,
      1.096651,
      1.108969,
      1.144431,
      1.256494,
      1.314014,
      1.455129
    ]
  },
  "W6": {
    "top_mediator": "immigrant_origin_status|WVS_G",
    "spectral_gap": 0.722033,
    "spectral_entropy": 3.7556,
    "spectral_radius": 1.3505,
    "year": 2012,
    "fiedler_value": 0.722033,
    "n_pairs": 641,
    "wave": 6,
    "n_constructs_present": 40,
    "spectrum": [
      0.0,
      0.722033,
      0.792439,
      0.828137,
      0.890646,
      0.938055,
      0.954579,
      0.977586,
      0.988673,
      0.990535,
      0.992096,
      0.994926,
      0.996353,
      0.997982,
      0.99952,
      1.0,
      1.0,
      1.0,
      1.0,
      1.001126,
      1.002514,
      1.005211,
      1.006925,
      1.009599,
      1.012087,
      1.015286,
      1.024187,
      1.027172,
      1.029967,
      1.031111,
      1.038765,
      1.049464,
      1.055613,
      1.062695,
      1.064782,
      1.074218,
      1.084437,
      1.096007,
      1.114227,
      1.118336,
      1.144075,
      1.184727,
      1.333386,
      1.350524
    ]
  }
}