{
  "W5": {
    "top_mediator": "gender_role_traditionalism|WVS_D",
    "spectral_gap": 0.714377,
    "spectral_entropy": 3.9644,
    "spectral_radius": 1.5736,
    "year": 2007,
    "fiedler_value": 0.714377,
    "n_pairs": 311,
    "wave": 5,
    "n_constructs_present": 29,
    "spectrum": [
      -0.0,
      0.714377,
      0.774695,
      0.859341,
      0.921537,
      0.951914,
      0.974643,
      0.983596,
      0.987892,
      0.992025,
      0.996159,
      0.998801,
      1.0,
      1.0,
      1.0,
      1.0,
      1.0,
      1.0,
      1.0,
      1.0,
      1.0,
      1.0,
      1.0,
      1.0,
      1.0,
      1.0,
      1.0,
      1.0,
      1.0,
      1.0,
      1.0,
      1.0,
      1.0,
      1.0,
      1.0,
      1.0,
      1.0,
      1.002361,
      1.003515,
      1.007968,
      1.008951,
      1.010848,
      1.021149,
      1.036364,
      1.048254,
      1.055662,
      1.069936,
      1.075132,
      1.103854,
      1.154754,
      1.169585,
      1.231847,
      1.271195,
      1.573643
    ]
  },
  "W3": {
    "top_mediator": "gender_role_traditionalism|WVS_D",
    "spectral_gap": 0.819155,
    "spectral_entropy": 3.9666,
    "spectral_radius": 1.4738,
    "year": 1996,
    "fiedler_value": 0.819155,
    "n_pairs": 177,
    "wave": 3,
    "n_constructs_present": 22,
    "spectrum": [
      -0.0,
      0.819155,
      0.902321,
      0.921305,
      0.951902,
      0.980759,
      0.992629,
      0.997376,
      1.0,
      1.0,
      1.0,
      1.0,
      1.0,
      1.0,
      1.0,
      1.0,
      1.0,
      1.0,
      1.0,
      1.0,
      1.0,
      1.0,
      1.0,
      1.0,
      1.0,
      1.0,
      1.0,
      1.0,
      1.0,
      1.0,
      1.0,
      1.0,
      1.0,
      1.0,
      1.0,
      1.0,
      1.0,
      1.0,
      1.0,
      1.0,
      1.00027,
      1.003492,
      1.007906,
      1.017077,
      1.022585,
      1.036728,
      1.046686,
      1.057428,
      1.081563,
      1.089054,
      1.099804,
      1.134394,
      1.363733,
      1.473835
    ]
  },
  "W4": {
    "top_mediator": "gender_role_traditionalism|WVS_D",
    "spectral_gap": 0.712408,
    "spectral_entropy": 3.9651,
    "spectral_radius": 1.4992,
    "year": 2000,
    "fiedler_value": 0.712408,
    "n_pairs": 230,
    "wave": 4,
    "n_constructs_present": 25,
    "spectrum": [
      -0.0,
      0.712408,
      0.817571,
      0.874246,
      0.946428,
      0.980228,
      0.986703,
      0.989688,
      0.995533,
      0.997876,
      1.0,
      1.0,
      1.0,
      1.0,
      1.0,
      1.0,
      1.0,
      1.0,
      1.0,
      1.0,
      1.0,
      1.0,
      1.0,
      1.0,
      1.0,
      1.0,
      1.0,
      1.0,
      1.0,
      1.0,
      1.0,
      1.0,
      1.0,
      1.0,
      1.0,
      1.0,
      1.0,
      1.0,
      1.0,
      1.001959,
      1.00508,
      1.009363,
      1.013246,
      1.017541,
      1.022864,
      1.036077,
      1.05133,
      1.087862,
      1.114532,
      1.142169,
      1.151191,
      1.187464,
      1.359441,
      1.4992
    ]
  },
  "W7": {
    "top_mediator": "science_skepticism|WVS_I",
    "spectral_gap": 0.704696,
    "spectral_entropy": 3.9656,
    "spectral_radius": 1.362,
    "year": 2018,
    "fiedler_value": 0.704696,
    "n_pairs": 1150,
    "wave": 7,
    "n_constructs_present": 53,
    "spectrum": [
      0.0,
      0.704696,
      0.792608,
      0.836999,
      0.862064,
      0.879728,
      0.935978,
      0.953629,
      0.968508,
      0.974398,
      0.987564,
      0.988305,
      0.991583,
      0.992923,
      0.995203,
      0.996457,
      0.997504,
      0.997824,
      0.998717,
      0.999167,
      1.0,
      1.00068,
      1.002059,
      1.003208,
      1.004093,
      1.005518,
      1.008335,
      1.009935,
      1.011968,
      1.013711,
      1.014874,
      1.01952,
      1.021883,
      1.024463,
      1.028788,
      1.034078,
      1.036251,
      1.038138,
      1.045521,
      1.04917,
      1.05318,
      1.055675,
      1.058394,
      1.06557,
      1.067847,
      1.08264,
      1.094194,
      1.103372,
      1.110701,
      1.131565,
      1.161553,
      1.185925,
      1.241287,
      1.362044
    ]
  }
}