{
  "W5": {
    "top_mediator": "gender_role_traditionalism|WVS_D",
    "spectral_gap": 0.683893,
    "spectral_entropy": 3.927,
    "spectral_radius": 1.4569,
    "year": 2007,
    "fiedler_value": 0.683893,
    "n_pairs": 311,
    "wave": 5,
    "n_constructs_present": 29,
    "spectrum": [
      -0.0,
      0.683893,
      0.86486,
      0.873935,
      0.959444,
      0.975997,
      0.981838,
      0.991781,
      0.993531,
      0.995523,
      0.998664,
      0.999624,
      1.0,
      1.0,
      1.0,
      1.0,
      1.0,
      1.0,
      1.0,
      1.0,
      1.0,
      1.0,
      1.0,
      1.0,
      1.0,
      1.0,
      1.0,
      1.0,
      1.0,
      1.0,
      1.0,
      1.0,
      1.0,
      1.0,
      1.0,
      1.0012,
      1.005624,
      1.008226,
      1.010067,
      1.01091,
      1.030807,
      1.036532,
      1.048346,
      1.05745,
      1.068043,
      1.077807,
      1.090362,
      1.132537,
      1.156386,
      1.184596,
      1.305081,
      1.456933
    ]
  },
  "W3": {
    "top_mediator": "gender_role_traditionalism|WVS_D",
    "spectral_gap": 0.757104,
    "spectral_entropy": 3.9274,
    "spectral_radius": 1.3894,
    "year": 1996,
    "fiedler_value": 0.757104,
    "n_pairs": 193,
    "wave": 3,
    "n_constructs_present": 23,
    "spectrum": [
      -0.0,
      0.757104,
      0.831032,
      0.888259,
      0.972342,
      0.983429,
      0.993964,
      0.994196,
      0.99642,
      0.998928,
      1.0,
      1.0,
      1.0,
      1.0,
      1.0,
      1.0,
      1.0,
      1.0,
      1.0,
      1.0,
      1.0,
      1.0,
      1.0,
      1.0,
      1.0,
      1.0,
      1.0,
      1.0,
      1.0,
      1.0,
      1.0,
      1.0,
      1.0,
      1.0,
      1.0,
      1.0,
      1.0,
      1.0,
      1.0,
      1.002038,
      1.00495,
      1.007671,
      1.010708,
      1.02934,
      1.061641,
      1.084869,
      1.11009,
      1.125574,
      1.161536,
      1.225335,
      1.371179,
      1.389393
    ]
  },
  "W7": {
    "top_mediator": "female_income_threat_to_marriage|WVS_D",
    "spectral_gap": 0.676411,
    "spectral_entropy": 3.9272,
    "spectral_radius": 1.3486,
    "year": 2018,
    "fiedler_value": 0.676411,
    "n_pairs": 985,
    "wave": 7,
    "n_constructs_present": 49,
    "spectrum": [
      0.0,
      0.676411,
      0.758811,
      0.867324,
      0.942799,
      0.96018,
      0.973854,
      0.980754,
      0.986072,
      0.98841,
      0.989916,
      0.992482,
      0.993747,
      0.995027,
      0.996862,
      0.997509,
      0.998892,
      0.998927,
      0.999847,
      1.0,
      1.0,
      1.0,
      1.000959,
      1.001197,
      1.001601,
      1.003184,
      1.004345,
      1.006322,
      1.007722,
      1.008791,
      1.010449,
      1.01545,
      1.017315,
      1.018289,
      1.023972,
      1.026638,
      1.029978,
      1.035438,
      1.040969,
      1.045158,
      1.047479,
      1.056233,
      1.059895,
      1.073238,
      1.083805,
      1.099517,
      1.130967,
      1.131993,
      1.138113,
      1.184865,
      1.249698,
      1.348595
    ]
  },
  "W6": {
    "top_mediator": "job_scarcity_nativist_preference|WVS_C",
    "spectral_gap": 0.6959,
    "spectral_entropy": 3.9257,
    "spectral_radius": 1.4431,
    "year": 2012,
    "fiedler_value": 0.6959,
    "n_pairs": 635,
    "wave": 6,
    "n_constructs_present": 40,
    "spectrum": [
      0.0,
      0.6959,
      0.728813,
      0.779862,
      0.874248,
      0.920011,
      0.962697,
      0.971196,
      0.977444,
      0.984771,
      0.985961,
      0.993219,
      0.995065,
      0.996854,
      0.997322,
      0.999144,
      1.0,
      1.0,
      1.0,
      1.0,
      1.0,
      1.0,
      1.0,
      1.0,
      1.0,
      1.0,
      1.0,
      1.0,
      1.002328,
      1.005907,
      1.007046,
      1.015563,
      1.020712,
      1.024811,
      1.025367,
      1.026552,
      1.039702,
      1.044478,
      1.049643,
      1.055815,
      1.056619,
      1.06627,
      1.07354,
      1.080525,
      1.090676,
      1.101622,
      1.131082,
      1.138838,
      1.173729,
      1.185655,
      1.277921,
      1.443091
    ]
  }
}