{
  "country": "COL",
  "zone": "Latin America",
  "waves": [
    3,
    6,
    7
  ],
  "n_waves": 3,
  "n_constructs": 54,
  "n_temporal_core": 20,
  "alpha_star": 0.25247950411945963,
  "alpha_raw": 0.25247950411945963,
  "per_transition_alpha": {
    "W3_to_W6": 0.21947269239179634,
    "W6_to_W7": 0.2936911545290848
  },
  "n_observations": 40,
  "equilibrium_distances": {
    "W3": 8.756807738702651,
    "W6": 12.609469159826364,
    "W7": 13.502299070794617
  },
  "eq_distance_trend": "increasing",
  "top_velocity_last_wave": [
    {
      "construct": "job_scarcity_gender_discrimination|WVS_C",
      "velocity": -3.343029512996584
    },
    {
      "construct": "immigrant_origin_status|WVS_G",
      "velocity": 2.914172153300063
    },
    {
      "construct": "online_political_participation|WVS_E",
      "velocity": 2.778604875024099
    }
  ],
  "residual_rmse": {
    "W3_W6": 2.0566788408802372,
    "W6_W7": 2.120369843604508
  }
}