{
  "country": "CYP",
  "zone": "Catholic Europe",
  "waves": [
    5,
    6,
    7
  ],
  "n_waves": 3,
  "n_constructs": 53,
  "n_temporal_core": 28,
  "alpha_star": 0.21645664068222145,
  "alpha_raw": 0.21645664068222145,
  "per_transition_alpha": {
    "W5_to_W6": 0.08384008844546423,
    "W6_to_W7": 0.37722392992785325
  },
  "n_observations": 56,
  "equilibrium_distances": {
    "W5": 9.000278094464969,
    "W6": 11.096783094105131,
    "W7": 13.6920298689988
  },
  "eq_distance_trend": "increasing",
  "top_velocity_last_wave": [
    {
      "construct": "immigrant_origin_status|WVS_G",
      "velocity": 7.1018673225826605
    },
    {
      "construct": "socioeconomic_insecurity_worry|WVS_H",
      "velocity": 6.595693663824558
    },
    {
      "construct": "institutional_threat_perception|WVS_H",
      "velocity": 6.263319318140399
    }
  ],
  "residual_rmse": {
    "W5_W6": 1.7979118470686124,
    "W6_W7": 2.2956309545626854
  }
}