{
  "country": "EGY",
  "zone": "African-Islamic",
  "waves": [
    4,
    5,
    7
  ],
  "n_waves": 3,
  "n_constructs": 49,
  "n_temporal_core": 18,
  "alpha_star": 0.0,
  "alpha_raw": -0.005450108576411984,
  "per_transition_alpha": {
    "W4_to_W5": 0.0500376689107164,
    "W5_to_W7": 0.0
  },
  "n_observations": 36,
  "equilibrium_distances": {
    "W4": 9.825582437733782,
    "W5": 13.095785679352883,
    "W7": 15.85646077763937
  },
  "eq_distance_trend": "increasing",
  "top_velocity_last_wave": [
    {
      "construct": "gender_role_traditionalism|WVS_D",
      "velocity": -1.4793165184853572
    },
    {
      "construct": "religious_practice_and_self_identification|WVS_F",
      "velocity": -1.4780405743023088
    },
    {
      "construct": "freedom_security_tradeoff_perception|WVS_H",
      "velocity": 1.360518119249838
    }
  ],
  "residual_rmse": {
    "W4_W5": 2.4729780189991137,
    "W5_W7": 3.083698949376085
  }
}