{
  "country": "IDN",
  "zone": "South/Southeast Asian",
  "waves": [
    4,
    5,
    7
  ],
  "n_waves": 3,
  "n_constructs": 52,
  "n_temporal_core": 19,
  "alpha_star": 0.1390537976069644,
  "alpha_raw": 0.1390537976069644,
  "per_transition_alpha": {
    "W4_to_W5": 0.06019771635581463,
    "W5_to_W7": 0.23476828583464984
  },
  "n_observations": 38,
  "equilibrium_distances": {
    "W4": 10.638030237044756,
    "W5": 11.978613624406314,
    "W7": 14.098908126087078
  },
  "eq_distance_trend": "increasing",
  "top_velocity_last_wave": [
    {
      "construct": "crime_victimization|WVS_H",
      "velocity": 1.5833791908499641
    },
    {
      "construct": "freedom_security_tradeoff_perception|WVS_H",
      "velocity": -1.510027089202123
    },
    {
      "construct": "online_political_participation|WVS_E",
      "velocity": 1.4788630647479204
    }
  ],
  "residual_rmse": {
    "W4_W5": 3.2520397274119235,
    "W5_W7": 2.452549410246891
  }
}