{
  "country": "JOR",
  "zone": "African-Islamic",
  "waves": [
    4,
    6,
    7
  ],
  "n_waves": 3,
  "n_constructs": 47,
  "n_temporal_core": 19,
  "alpha_star": 0.03699991215307211,
  "alpha_raw": 0.03699991215307211,
  "per_transition_alpha": {
    "W4_to_W6": 0.0,
    "W6_to_W7": 0.07244980560425555
  },
  "n_observations": 38,
  "equilibrium_distances": {
    "W4": 9.694331745854052,
    "W6": 12.975665275594789,
    "W7": 14.430889119125334
  },
  "eq_distance_trend": "increasing",
  "top_velocity_last_wave": [
    {
      "construct": "multilevel_place_attachment|WVS_G",
      "velocity": 1.8564271755122352
    },
    {
      "construct": "religious_practice_and_self_identification|WVS_F",
      "velocity": -1.383733214583829
    },
    {
      "construct": "voting_participation|WVS_E",
      "velocity": -1.355507046600863
    }
  ],
  "residual_rmse": {
    "W4_W6": 2.4466642198613173,
    "W6_W7": 2.185445209793543
  }
}