{
  "country": "KGZ",
  "zone": "Orthodox/ex-Communist",
  "waves": [
    4,
    6,
    7
  ],
  "n_waves": 3,
  "n_constructs": 53,
  "n_temporal_core": 19,
  "alpha_star": 0.08805797804549878,
  "alpha_raw": 0.08805797804549878,
  "per_transition_alpha": {
    "W4_to_W6": 0.15561009161266726,
    "W6_to_W7": 0.0
  },
  "n_observations": 38,
  "equilibrium_distances": {
    "W4": 8.565641523041258,
    "W6": 11.783589862422053,
    "W7": 13.721587370111719
  },
  "eq_distance_trend": "increasing",
  "top_velocity_last_wave": [
    {
      "construct": "neighborhood_disorder_and_crime|WVS_H",
      "velocity": 3.767321238139666
    },
    {
      "construct": "institutional_threat_perception|WVS_H",
      "velocity": 3.2748568834522054
    },
    {
      "construct": "social_intolerance_outgroups|WVS_A",
      "velocity": -2.7878842913630226
    }
  ],
  "residual_rmse": {
    "W4_W6": 1.979038013022032,
    "W6_W7": 2.2954918923659635
  }
}