{
  "W3": {
    "importance_of_life_domains|WVS_A": 5.4558940397350995,
    "child_qualities_autonomy_self_expression|WVS_A": 4.743046357615894,
    "child_qualities_conformity_tradition|WVS_A": 6.3091059602649,
    "child_qualities_prosocial_diligence|WVS_A": 4.725165562913907,
    "social_intolerance_outgroups|WVS_A": 3.8519867549668874,
    "subjective_wellbeing|WVS_A": 5.725867020101612,
    "voluntary_association_active_membership|WVS_A": 2.472185430463576,
    "job_scarcity_gender_discrimination|WVS_C": 7.38422131147541,
    "job_scarcity_nativist_preference|WVS_C": 2.844622905027933,
    "gender_role_traditionalism|WVS_D": 6.00067842605156,
    "confidence_in_domestic_institutions|WVS_E": 5.880047218960118,
    "confidence_in_civil_society_organizations|WVS_E": 5.77774064171123,
    "confidence_in_international_organizations|WVS_E": 5.97722705961152,
    "postmaterialist_values|WVS_E": 5.4880794701986755,
    "autocracy_support|WVS_E": 5.8824160114367405,
    "democratic_system_evaluation|WVS_E": 3.390066225165563,
    "offline_political_participation|WVS_E": 2.1741721854304634,
    "economic_ideology|WVS_E": 5.176368326603859,
    "societal_change_attitudes|WVS_E": 7.543522267206478,
    "religious_belief|WVS_F": 3.152878989361702,
    "religious_practice_and_self_identification|WVS_F": 2.9486207223433496,
    "civic_dishonesty_tolerance|WVS_F": 2.973888140161725,
    "sexual_and_reproductive_morality_permissiveness|WVS_F": 2.8222520707409893,
    "life_autonomy_morality_permissiveness|WVS_F": 3.356368563685637
  },
  "W4": {
    "importance_of_life_domains|WVS_A": 7.090684039087948,
    "child_qualities_autonomy_self_expression|WVS_A": 5.24885993485342,
    "child_qualities_conformity_tradition|WVS_A": 6.657980456026059,
    "child_qualities_prosocial_diligence|WVS_A": 4.64885993485342,
    "social_intolerance_outgroups|WVS_A": 3.2837133550488597,
    "subjective_wellbeing|WVS_A": 5.827470141150924,
    "voluntary_association_belonging|WVS_A": 1.6762214983713355,
    "job_scarcity_gender_discrimination|WVS_C": 4.546812749003984,
    "job_scarcity_nativist_preference|WVS_C": 2.303654485049834,
    "work_ethic|WVS_C": 3.5970112285336855,
    "gender_role_traditionalism|WVS_D": 6.590909090909091,
    "confidence_in_domestic_institutions|WVS_E": 6.15948570408649,
    "confidence_in_civil_society_organizations|WVS_E": 5.800215208034433,
    "confidence_in_international_organizations|WVS_E": 6.282375478927203,
    "postmaterialist_values|WVS_E": 6.814332247557004,
    "autocracy_support|WVS_E": 5.663362701908958,
    "democratic_system_evaluation|WVS_E": 2.618241042345277,
    "offline_political_participation|WVS_E": 1.568729641693811,
    "economic_ideology|WVS_E": 5.066975520475864,
    "societal_change_attitudes|WVS_E": 7.0257510729613735,
    "religious_belief|WVS_F": 4.393434155421127,
    "religious_practice_and_self_identification|WVS_F": 2.562302104674986,
    "civic_dishonesty_tolerance|WVS_F": 2.9543941411451398,
    "sexual_and_reproductive_morality_permissiveness|WVS_F": 3.158950617283951,
    "life_autonomy_morality_permissiveness|WVS_F": 3.3159171075837737
  },
  "W5": {
    "importance_of_life_domains|WVS_A": 6.929615384615385,
    "child_qualities_autonomy_self_expression|WVS_A": 5.305769230769231,
    "child_qualities_conformity_tradition|WVS_A": 6.246153846153846,
    "child_qualities_prosocial_diligence|WVS_A": 4.698076923076923,
    "social_intolerance_outgroups|WVS_A": 2.315384615384615,
    "subjective_wellbeing|WVS_A": 5.93574941201625,
    "voluntary_association_active_membership|WVS_A": 1.9,
    "job_scarcity_gender_discrimination|WVS_C": 4.6767937944408535,
    "job_scarcity_nativist_preference|WVS_C": 2.3891432308698497,
    "work_ethic|WVS_C": 3.848116548615583,
    "gender_role_traditionalism|WVS_D": 6.573139158576052,
    "confidence_in_domestic_institutions|WVS_E": 6.14901645132859,
    "confidence_in_civil_society_organizations|WVS_E": 4.7718729747245625,
    "confidence_in_international_organizations|WVS_E": 5.849735799207398,
    "postmaterialist_values|WVS_E": 6.75,
    "autocracy_support|WVS_E": 5.265176784523016,
    "democratic_values_importance|WVS_E": 6.596738159070598,
    "democratic_system_evaluation|WVS_E": 2.621153846153846,
    "offline_political_participation|WVS_E": 2.1423076923076922,
    "science_technology_optimism|WVS_E": 6.915690104166667,
    "economic_ideology|WVS_E": 5.143745907007204,
    "societal_change_attitudes|WVS_E": 5.783837056504599,
    "authoritarian_governance_tolerance|WVS_E": 4.3881856540084385,
    "religious_belief|WVS_F": 9.4312459651388,
    "religious_practice_and_self_identification|WVS_F": 2.8456886282415463,
    "civic_dishonesty_tolerance|WVS_F": 3.3560954256949,
    "sexual_and_reproductive_morality_permissiveness|WVS_F": 3.8550481307365123,
    "life_autonomy_morality_permissiveness|WVS_F": 4.013815207780725,
    "violence_tolerance|WVS_F": 2.0218543046357618,
    "outgroup_trust|WVS_G": 4.302217223650386,
    "immigrant_origin_status|WVS_G": 1.3403846153846153
  },
  "W6": {
    "importance_of_life_domains|WVS_A": 7.134399999999999,
    "child_qualities_autonomy_self_expression|WVS_A": 5.2075,
    "child_qualities_conformity_tradition|WVS_A": 5.941,
    "child_qualities_prosocial_diligence|WVS_A": 4.1485,
    "social_intolerance_outgroups|WVS_A": 2.3030714285714287,
    "subjective_wellbeing|WVS_A": 7.312671052631579,
    "voluntary_association_active_membership|WVS_A": 1.951136363636364,
    "job_scarcity_gender_discrimination|WVS_C": 5.308366733466934,
    "job_scarcity_nativist_preference|WVS_C": 3.4826807228915664,
    "gender_role_traditionalism|WVS_D": 6.5815,
    "female_income_threat_to_marriage|WVS_D": 5.4457013574660635,
    "confidence_in_domestic_institutions|WVS_E": 6.227788823676323,
    "confidence_in_civil_society_organizations|WVS_E": 4.516298896690071,
    "confidence_in_international_organizations|WVS_E": 5.978382502543235,
    "electoral_integrity|WVS_E": 5.348918944775299,
    "postmaterialist_values|WVS_E": 7.066,
    "autocracy_support|WVS_E": 5.196034136546185,
    "democratic_values_importance|WVS_E": 6.337751509054327,
    "democratic_system_evaluation|WVS_E": 2.5135,
    "offline_political_participation|WVS_E": 1.820125,
    "political_information_sources|WVS_E": 3.9539285714285706,
    "voting_participation|WVS_E": 3.1312217194570136,
    "science_technology_optimism|WVS_E": 7.26317984651318,
    "economic_ideology|WVS_E": 5.367926890335503,
    "societal_change_attitudes|WVS_E": 6.574761665830406,
    "authoritarian_governance_tolerance|WVS_E": 4.359302921578678,
    "religious_belief|WVS_F": 6.7829354838709675,
    "religious_practice_and_self_identification|WVS_F": 3.1405,
    "religious_exclusivism|WVS_F": 5.816975463194792,
    "civic_dishonesty_tolerance|WVS_F": 2.9952333333333336,
    "sexual_and_reproductive_morality_permissiveness|WVS_F": 3.764104490068436,
    "life_autonomy_morality_permissiveness|WVS_F": 3.4596262929596264,
    "violence_tolerance|WVS_F": 1.96725,
    "religion_versus_secularism_orientation|WVS_F": 8.772316950852558,
    "outgroup_trust|WVS_G": 3.853,
    "immigrant_origin_status|WVS_G": 1.5805,
    "basic_needs_deprivation|WVS_H": 3.69925,
    "neighborhood_disorder_and_crime|WVS_H": 5.2268634317158575,
    "crime_victimization|WVS_H": 3.385,
    "precautionary_security_behaviors|WVS_H": 5.419,
    "institutional_threat_perception|WVS_H": 8.04925,
    "science_skepticism|WVS_I": 5.990959316926168
  },
  "W7": {
    "importance_of_life_domains|WVS_A": 6.852843193566916,
    "child_qualities_autonomy_self_expression|WVS_A": 4.577254451464675,
    "child_qualities_conformity_tradition|WVS_A": 6.425330269959793,
    "child_qualities_prosocial_diligence|WVS_A": 3.958644457208501,
    "social_intolerance_outgroups|WVS_A": 8.624632805448428,
    "subjective_wellbeing|WVS_A": 7.656433084434233,
    "voluntary_association_active_membership|WVS_A": 2.169155657668007,