{
  "country": "NGA",
  "zone": "African-Islamic",
  "waves": [
    2,
    3,
    4,
    6,
    7
  ],
  "n_waves": 5,
  "n_constructs": 54,
  "n_temporal_core": 16,
  "alpha_star": 0.10313839677563494,
  "alpha_raw": 0.10313839677563494,
  "per_transition_alpha": {
    "W2_to_W3": 0.1293521822837118,
    "W3_to_W4": 0.04345809104281384,
    "W4_to_W6": 0.14377219743498101,
    "W6_to_W7": 0.08221051574372311
  },
  "n_observations": 64,
  "equilibrium_distances": {
    "W2": 9.697532740668851,
    "W3": 8.834994187615251,
    "W4": 8.625247746325956,
    "W6": 12.27194502915958,
    "W7": 13.965206751284255
  },
  "eq_distance_trend": "increasing",
  "top_velocity_last_wave": [
    {
      "construct": "neighborhood_disorder_and_crime|WVS_H",
      "velocity": 2.111289696705474
    },
    {
      "construct": "social_intolerance_outgroups|WVS_A",
      "velocity": -1.5058864077211696
    },
    {
      "construct": "immigrant_origin_status|WVS_G",
      "velocity": 1.4110918502740553
    }
  ],
  "residual_rmse": {
    "W2_W3": 2.3098990111598376,
    "W3_W4": 2.0639655053630124,
    "W4_W6": 2.0328671609953974,
    "W6_W7": 2.139823588051802
  }
}