{
  "country": "ROU",
  "zone": "Orthodox/ex-Communist",
  "waves": [
    3,
    5,
    6,
    7
  ],
  "n_waves": 4,
  "n_constructs": 51,
  "n_temporal_core": 19,
  "alpha_star": 0.08486691107412848,
  "alpha_raw": 0.08486691107412848,
  "per_transition_alpha": {
    "W3_to_W5": 0.10882249481991986,
    "W5_to_W6": 0.0,
    "W6_to_W7": 0.20667209041852616
  },
  "n_observations": 57,
  "equilibrium_distances": {
    "W3": 7.559347586907837,
    "W5": 10.936758465881281,
    "W6": 12.573601426063673,
    "W7": 13.073655353587641
  },
  "eq_distance_trend": "increasing",
  "top_velocity_last_wave": [
    {
      "construct": "social_intolerance_outgroups|WVS_A",
      "velocity": -6.5526045984305075
    },
    {
      "construct": "online_political_participation|WVS_E",
      "velocity": 3.7078133654020045
    },
    {
      "construct": "perceived_negative_effects_of_immigration|WVS_G",
      "velocity": 2.763165844319017
    }
  ],
  "residual_rmse": {
    "W3_W5": 2.1931431624721345,
    "W5_W6": 2.4704148518940503,
    "W6_W7": 2.214733323839299
  }
}