{
  "country": "SVN",
  "zone": "Catholic Europe",
  "waves": [
    3,
    5,
    6
  ],
  "n_waves": 3,
  "n_constructs": 41,
  "n_temporal_core": 22,
  "alpha_star": 0.024328340434817138,
  "alpha_raw": 0.024328340434817138,
  "per_transition_alpha": {
    "W3_to_W5": 0.04959505699786779,
    "W5_to_W6": 0.0
  },
  "n_observations": 44,
  "equilibrium_distances": {
    "W3": 7.940647166293316,
    "W5": 9.441506059388326,
    "W6": 11.972312637980156
  },
  "eq_distance_trend": "increasing",
  "top_velocity_last_wave": [
    {
      "construct": "crime_victimization|WVS_H",
      "velocity": 5.350460196039897
    },
    {
      "construct": "neighborhood_disorder_and_crime|WVS_H",
      "velocity": 4.050231231962754
    },
    {
      "construct": "gender_role_traditionalism|WVS_D",
      "velocity": -2.5162023819195736
    }
  ],
  "residual_rmse": {
    "W3_W5": 1.9223109384907653,
    "W5_W6": 1.9994513772475608
  }
}