{
  "country": "TWN",
  "zone": "Confucian",
  "waves": [
    3,
    5,
    6,
    7
  ],
  "n_waves": 4,
  "n_constructs": 52,
  "n_temporal_core": 22,
  "alpha_star": 0.16977288505787044,
  "alpha_raw": 0.16977288505787044,
  "per_transition_alpha": {
    "W3_to_W5": 0.0,
    "W5_to_W6": 0.23735959378078042,
    "W6_to_W7": 0.2702686488247603
  },
  "n_observations": 66,
  "equilibrium_distances": {
    "W3": 7.259084134216915,
    "W5": 10.96636427571072,
    "W6": 12.663388400425912,
    "W7": 14.714560479611093
  },
  "eq_distance_trend": "increasing",
  "top_velocity_last_wave": [
    {
      "construct": "social_intolerance_outgroups|WVS_A",
      "velocity": -6.531825826414529
    },
    {
      "construct": "online_political_participation|WVS_E",
      "velocity": 6.442762418333491
    },
    {
      "construct": "voting_participation|WVS_E",
      "velocity": 4.762223513034085
    }
  ],
  "residual_rmse": {
    "W3_W5": 2.1625539888429626,
    "W5_W6": 1.9404492182006654,
    "W6_W7": 2.175777468794401
  }
}