{
  "country": "UKR",
  "zone": "Orthodox/ex-Communist",
  "waves": [
    3,
    6,
    7
  ],
  "n_waves": 3,
  "n_constructs": 53,
  "n_temporal_core": 22,
  "alpha_star": 0.2847142184280763,
  "alpha_raw": 0.2847142184280763,
  "per_transition_alpha": {
    "W3_to_W6": 0.18100229808811308,
    "W6_to_W7": 0.4095120081215338
  },
  "n_observations": 44,
  "equilibrium_distances": {
    "W3": 7.599072530518082,
    "W6": 11.889509031129906,
    "W7": 13.765670674582147
  },
  "eq_distance_trend": "increasing",
  "top_velocity_last_wave": [
    {
      "construct": "neighborhood_disorder_and_crime|WVS_H",
      "velocity": 4.073431782061129
    },
    {
      "construct": "institutional_threat_perception|WVS_H",
      "velocity": 2.3510296269861866
    },
    {
      "construct": "religious_practice_and_self_identification|WVS_F",
      "velocity": -1.4230552459923165
    }
  ],
  "residual_rmse": {
    "W3_W6": 1.8033337001364014,
    "W6_W7": 2.317859354924226
  }
}