{
  "country": "URY",
  "zone": "Latin America",
  "waves": [
    3,
    5,
    6,
    7
  ],
  "n_waves": 4,
  "n_constructs": 54,
  "n_temporal_core": 20,
  "alpha_star": 0.3368213173216897,
  "alpha_raw": 0.3368213173216897,
  "per_transition_alpha": {
    "W3_to_W5": 0.38140213539357404,
    "W5_to_W6": 0.28752417736291197,
    "W6_to_W7": 0.35008970744239387
  },
  "n_observations": 60,
  "equilibrium_distances": {
    "W3": 7.016995355237876,
    "W5": 8.837045161912613,
    "W6": 11.773666336465611,
    "W7": 12.67136579568582
  },
  "eq_distance_trend": "increasing",
  "top_velocity_last_wave": [
    {
      "construct": "job_scarcity_gender_discrimination|WVS_C",
      "velocity": -3.1934080775717857
    },
    {
      "construct": "immigrant_origin_status|WVS_G",
      "velocity": 3.1399847709277355
    },
    {
      "construct": "online_political_participation|WVS_E",
      "velocity": 2.971333843748267
    }
  ],
  "residual_rmse": {
    "W3_W5": 1.7390946640300593,
    "W5_W6": 1.643813482253676,
    "W6_W7": 2.3580681211451604
  }
}