{
  "W5": {
    "top_mediator": "immigrant_origin_status|WVS_G",
    "spectral_gap": 0.654914,
    "spectral_entropy": 3.9261,
    "spectral_radius": 1.4285,
    "year": 2007,
    "fiedler_value": 0.654914,
    "n_pairs": 285,
    "wave": 5,
    "n_constructs_present": 28,
    "spectrum": [
      -0.0,
      0.654914,
      0.82932,
      0.889082,
      0.926275,
      0.954853,
      0.974712,
      0.989148,
      0.994672,
      0.995375,
      0.99781,
      0.999575,
      1.0,
      1.0,
      1.0,
      1.0,
      1.0,
      1.0,
      1.0,
      1.0,
      1.0,
      1.0,
      1.0,
      1.0,
      1.0,
      1.0,
      1.0,
      1.0,
      1.0,
      1.0,
      1.0,
      1.0,
      1.0,
      1.0,
      1.0,
      1.0,
      1.000123,
      1.00297,
      1.006115,
      1.011116,
      1.01608,
      1.022021,
      1.035863,
      1.05858,
      1.068398,
      1.071009,
      1.112176,
      1.124649,
      1.207131,
      1.274227,
      1.355337,
      1.428468
    ]
  },
  "W3": {
    "top_mediator": "gender_role_traditionalism|WVS_D",
    "spectral_gap": 0.839479,
    "spectral_entropy": 3.9275,
    "spectral_radius": 1.5673,
    "year": 1996,
    "fiedler_value": 0.839479,
    "n_pairs": 193,
    "wave": 3,
    "n_constructs_present": 23,
    "spectrum": [
      -0.0,
      0.839479,
      0.867201,
      0.918332,
      0.942958,
      0.977487,
      0.988168,
      0.994099,
      0.999279,
      1.0,
      1.0,
      1.0,
      1.0,
      1.0,
      1.0,
      1.0,
      1.0,
      1.0,
      1.0,
      1.0,
      1.0,
      1.0,
      1.0,
      1.0,
      1.0,
      1.0,
      1.0,
      1.0,
      1.0,
      1.0,
      1.0,
      1.0,
      1.0,
      1.0,
      1.0,
      1.0,
      1.0,
      1.0,
      1.001284,
      1.004886,
      1.00727,
      1.00923,
      1.016152,
      1.033421,
      1.038447,
      1.052433,
      1.072208,
      1.105098,
      1.116551,
      1.138059,
      1.310657,
      1.567299
    ]
  },
  "W7": {
    "top_mediator": "science_skepticism|WVS_I",
    "spectral_gap": 0.715076,
    "spectral_entropy": 3.9279,
    "spectral_radius": 1.3709,
    "year": 2018,
    "fiedler_value": 0.715076,
    "n_pairs": 1094,
    "wave": 7,
    "n_constructs_present": 52,
    "spectrum": [
      0.0,
      0.715076,
      0.830982,
      0.869144,
      0.904765,
      0.936111,
      0.956947,
      0.974608,
      0.979984,
      0.986076,
      0.987509,
      0.991325,
      0.993481,
      0.993778,
      0.995564,
      0.996903,
      0.998295,
      0.998566,
      0.999521,
      0.99982,
      1.000821,
      1.001472,
      1.001931,
      1.003413,
      1.00429,
      1.004977,
      1.00692,
      1.008155,
      1.011196,
      1.012193,
      1.013839,
      1.018421,
      1.019617,
      1.025324,
      1.028649,
      1.030734,
      1.034114,
      1.038937,
      1.04345,
      1.047945,
      1.052357,
      1.060039,
      1.063701,
      1.066647,
      1.089437,
      1.095585,
      1.103326,
      1.117704,
      1.141136,
      1.172382,
      1.201901,
      1.370932
    ]
  },
  "W6": {
    "top_mediator": "immigrant_origin_status|WVS_G",
    "spectral_gap": 0.689519,
    "spectral_entropy": 3.9268,
    "spectral_radius": 1.3961,
    "year": 2012,
    "fiedler_value": 0.689519,
    "n_pairs": 731,
    "wave": 6,
    "n_constructs_present": 43,
    "spectrum": [
      -0.0,
      0.689519,
      0.785064,
      0.831419,
      0.911023,
      0.958208,
      0.967764,
      0.979758,
      0.981721,
      0.986274,
      0.987114,
      0.991213,
      0.994721,
      0.995777,
      0.996824,
      0.999127,
      0.999213,
      1.0,
      1.0,
      1.0,
      1.0,
      1.0,
      1.0,
      1.0,
      1.0,
      1.0,
      1.000771,
      1.002662,
      1.005094,
      1.008517,
      1.011048,
      1.012339,
      1.012779,
      1.017324,
      1.020004,
      1.021939,
      1.025775,
      1.032479,
      1.034763,
      1.042514,
      1.046768,
      1.051221,
      1.061677,
      1.079787,
      1.080794,
      1.086051,
      1.103126,
      1.13798,
      1.183407,
      1.196614,
      1.273768,
      1.396058
    ]
  }
}