{
  "W5": {
    "top_mediator": "gender_role_traditionalism|WVS_D",
    "spectral_gap": 0.747365,
    "spectral_entropy": 3.946,
    "spectral_radius": 1.4402,
    "year": 2007,
    "fiedler_value": 0.747365,
    "n_pairs": 311,
    "wave": 5,
    "n_constructs_present": 29,
    "spectrum": [
      -0.0,
      0.747365,
      0.794076,
      0.830564,
      0.883096,
      0.955621,
      0.976228,
      0.981685,
      0.987421,
      0.991349,
      0.99589,
      0.999106,
      0.999699,
      1.0,
      1.0,
      1.0,
      1.0,
      1.0,
      1.0,
      1.0,
      1.0,
      1.0,
      1.0,
      1.0,
      1.0,
      1.0,
      1.0,
      1.0,
      1.0,
      1.0,
      1.0,
      1.0,
      1.0,
      1.0,
      1.0,
      1.0,
      1.0,
      1.005824,
      1.007066,
      1.011962,
      1.01466,
      1.031975,
      1.038084,
      1.055027,
      1.079583,
      1.092374,
      1.095748,
      1.105227,
      1.149493,
      1.189232,
      1.207383,
      1.334091,
      1.440173
    ]
  },
  "W4": {
    "top_mediator": "gender_role_traditionalism|WVS_D",
    "spectral_gap": 0.765483,
    "spectral_entropy": 3.9467,
    "spectral_radius": 1.4049,
    "year": 2000,
    "fiedler_value": 0.765483,
    "n_pairs": 230,
    "wave": 4,
    "n_constructs_present": 25,
    "spectrum": [
      0.0,
      0.765483,
      0.818423,
      0.880335,
      0.946292,
      0.98044,
      0.993228,
      0.994771,
      0.996601,
      0.996707,
      1.0,
      1.0,
      1.0,
      1.0,
      1.0,
      1.0,
      1.0,
      1.0,
      1.0,
      1.0,
      1.0,
      1.0,
      1.0,
      1.0,
      1.0,
      1.0,
      1.0,
      1.0,
      1.0,
      1.0,
      1.0,
      1.0,
      1.0,
      1.0,
      1.0,
      1.0,
      1.0,
      1.0,
      1.001008,
      1.00296,
      1.004344,
      1.009168,
      1.016108,
      1.025215,
      1.027549,
      1.043365,
      1.062383,
      1.099576,
      1.12569,
      1.180515,
      1.25531,
      1.369661,
      1.404868
    ]
  },
  "W7": {
    "top_mediator": "science_skepticism|WVS_I",
    "spectral_gap": 0.679968,
    "spectral_entropy": 3.9459,
    "spectral_radius": 1.4553,
    "year": 2018,
    "fiedler_value": 0.679968,
    "n_pairs": 1097,
    "wave": 7,
    "n_constructs_present": 52,
    "spectrum": [
      -0.0,
      0.679968,
      0.791023,
      0.821861,
      0.874819,
      0.907417,
      0.968444,
      0.97708,
      0.98092,
      0.984077,
      0.985579,
      0.987978,
      0.990159,
      0.990705,
      0.9941,
      0.994682,
      0.996011,
      0.997266,
      0.998525,
      0.999998,
      1.0,
      1.002035,
      1.002718,
      1.003368,
      1.00402,
      1.004348,
      1.004892,
      1.007282,
      1.010656,
      1.01149,
      1.013535,
      1.014884,
      1.018102,
      1.022881,
      1.026954,
      1.029181,
      1.030619,
      1.032942,
      1.039435,
      1.041529,
      1.047402,
      1.05122,
      1.061193,
      1.065085,
      1.070339,
      1.080183,
      1.091813,
      1.12816,
      1.138632,
      1.148715,
      1.172899,
      1.247579,
      1.455297
    ]
  }
}