{
  "W5": {
    "top_mediator": "gender_role_traditionalism|WVS_D",
    "spectral_gap": 0.785355,
    "spectral_entropy": 3.9478,
    "spectral_radius": 1.3799,
    "year": 2007,
    "fiedler_value": 0.785355,
    "n_pairs": 272,
    "wave": 5,
    "n_constructs_present": 27,
    "spectrum": [
      -0.0,
      0.785355,
      0.897089,
      0.935294,
      0.949071,
      0.977174,
      0.99113,
      0.994306,
      0.99736,
      0.999213,
      0.999555,
      1.0,
      1.0,
      1.0,
      1.0,
      1.0,
      1.0,
      1.0,
      1.0,
      1.0,
      1.0,
      1.0,
      1.0,
      1.0,
      1.0,
      1.0,
      1.0,
      1.0,
      1.0,
      1.0,
      1.0,
      1.0,
      1.0,
      1.0,
      1.0,
      1.0,
      1.0,
      1.001252,
      1.003199,
      1.00404,
      1.006773,
      1.010954,
      1.017413,
      1.028045,
      1.042504,
      1.052736,
      1.062642,
      1.084228,
      1.107494,
      1.124719,
      1.216294,
      1.332214,
      1.379946
    ]
  },
  "W3": {
    "top_mediator": "gender_role_traditionalism|WVS_D",
    "spectral_gap": 0.820794,
    "spectral_entropy": 3.9481,
    "spectral_radius": 1.4025,
    "year": 1996,
    "fiedler_value": 0.820794,
    "n_pairs": 191,
    "wave": 3,
    "n_constructs_present": 23,
    "spectrum": [
      0.0,
      0.820794,
      0.917755,
      0.982708,
      0.987187,
      0.993946,
      0.996359,
      0.998419,
      0.998888,
      0.999757,
      1.0,
      1.0,
      1.0,
      1.0,
      1.0,
      1.0,
      1.0,
      1.0,
      1.0,
      1.0,
      1.0,
      1.0,
      1.0,
      1.0,
      1.0,
      1.0,
      1.0,
      1.0,
      1.0,
      1.0,
      1.0,
      1.0,
      1.0,
      1.0,
      1.0,
      1.0,
      1.0,
      1.0,
      1.0,
      1.0,
      1.001294,
      1.003981,
      1.007376,
      1.008497,
      1.011285,
      1.015568,
      1.041222,
      1.067279,
      1.099077,
      1.131258,
      1.168844,
      1.346009,
      1.402497
    ]
  },
  "W7": {
    "top_mediator": "job_scarcity_gender_discrimination|WVS_C",
    "spectral_gap": 0.69946,
    "spectral_entropy": 3.9471,
    "spectral_radius": 1.3085,
    "year": 2018,
    "fiedler_value": 0.69946,
    "n_pairs": 1019,
    "wave": 7,
    "n_constructs_present": 50,
    "spectrum": [
      -0.0,
      0.69946,
      0.796015,
      0.852053,
      0.948991,
      0.955145,
      0.96353,
      0.970051,
      0.985592,
      0.986425,
      0.989014,
      0.991095,
      0.993153,
      0.993804,
      0.99557,
      0.996136,
      0.997038,
      0.99937,
      0.999593,
      1.0,
      1.0,
      1.0,
      1.000498,
      1.001396,
      1.002398,
      1.002986,
      1.003874,
      1.005893,
      1.006842,
      1.008568,
      1.009112,
      1.011046,
      1.012273,
      1.013921,
      1.017626,
      1.02147,
      1.027888,
      1.032577,
      1.034875,
      1.04018,
      1.043899,
      1.049256,
      1.059182,
      1.06516,
      1.072462,
      1.079392,
      1.093392,
      1.099107,
      1.13663,
      1.156001,
      1.194344,
      1.277216,
      1.308501
    ]
  },
  "W6": {
    "top_mediator": "science_skepticism|WVS_I",
    "spectral_gap": 0.703961,
    "spectral_entropy": 3.9455,
    "spectral_radius": 1.3696,
    "year": 2012,
    "fiedler_value": 0.703961,
    "n_pairs": 668,
    "wave": 6,
    "n_constructs_present": 41,
    "spectrum": [
      -0.0,
      0.703961,
      0.789006,
      0.807111,
      0.834039,
      0.880045,
      0.911068,
      0.956755,
      0.97968,
      0.983348,
      0.983831,
      0.989835,
      0.991415,
      0.995145,
      0.996339,
      0.99986,
      1.0,
      1.0,
      1.0,
      1.0,
      1.0,
      1.0,
      1.0,
      1.0,
      1.0,
      1.0,
      1.0,
      1.0,
      1.001313,
      1.003146,
      1.006626,
      1.009183,
      1.01341,
      1.018434,
      1.019825,
      1.027984,
      1.033124,
      1.038653,
      1.04362,
      1.047249,
      1.052641,
      1.055915,
      1.06388,
      1.077785,
      1.089407,
      1.103277,
      1.132804,
      1.140802,
      1.14913,
      1.164051,
      1.215337,
      1.32138,
      1.369589
    ]
  }
}