{
  "W5": {
    "top_mediator": "immigrant_origin_status|WVS_G",
    "spectral_gap": 0.837044,
    "spectral_entropy": 3.909,
    "spectral_radius": 1.4371,
    "year": 2007,
    "fiedler_value": 0.837044,
    "n_pairs": 287,
    "wave": 5,
    "n_constructs_present": 28,
    "spectrum": [
      -0.0,
      0.837044,
      0.911062,
      0.959885,
      0.978756,
      0.993478,
      0.995209,
      0.997784,
      0.998604,
      0.999206,
      0.99966,
      0.999918,
      1.0,
      1.0,
      1.0,
      1.0,
      1.0,
      1.0,
      1.0,
      1.0,
      1.0,
      1.0,
      1.0,
      1.0,
      1.0,
      1.0,
      1.0,
      1.0,
      1.0,
      1.0,
      1.0,
      1.0,
      1.0,
      1.0,
      1.0,
      1.000845,
      1.002027,
      1.004135,
      1.00609,
      1.007582,
      1.013235,
      1.016598,
      1.018704,
      1.04511,
      1.050151,
      1.062776,
      1.091825,
      1.137522,
      1.1969,
      1.238777,
      1.437117
    ]
  },
  "W3": {
    "top_mediator": "gender_role_traditionalism|WVS_D",
    "spectral_gap": 0.756062,
    "spectral_entropy": 3.9068,
    "spectral_radius": 1.5391,
    "year": 1996,
    "fiedler_value": 0.756062,
    "n_pairs": 177,
    "wave": 3,
    "n_constructs_present": 22,
    "spectrum": [
      -0.0,
      0.756062,
      0.822089,
      0.869196,
      0.945347,
      0.977736,
      0.98364,
      0.997774,
      1.0,
      1.0,
      1.0,
      1.0,
      1.0,
      1.0,
      1.0,
      1.0,
      1.0,
      1.0,
      1.0,
      1.0,
      1.0,
      1.0,
      1.0,
      1.0,
      1.0,
      1.0,
      1.0,
      1.0,
      1.0,
      1.0,
      1.0,
      1.0,
      1.0,
      1.0,
      1.0,
      1.0,
      1.0,
      1.002458,
      1.003549,
      1.007351,
      1.017386,
      1.022624,
      1.033521,
      1.053328,
      1.067701,
      1.102451,
      1.146863,
      1.159351,
      1.163724,
      1.328786,
      1.53906
    ]
  },
  "W7": {
    "top_mediator": "work_ethic|WVS_C",
    "spectral_gap": 0.788366,
    "spectral_entropy": 3.9079,
    "spectral_radius": 1.3898,
    "year": 2018,
    "fiedler_value": 0.788366,
    "n_pairs": 932,
    "wave": 7,
    "n_constructs_present": 48,
    "spectrum": [
      -0.0,
      0.788366,
      0.817415,
      0.843827,
      0.884274,
      0.911985,
      0.945953,
      0.957227,
      0.973059,
      0.976843,
      0.981826,
      0.992888,
      0.993875,
      0.994845,
      0.996002,
      0.997297,
      0.997898,
      0.998652,
      1.0,
      1.0,
      1.0,
      1.000504,
      1.001428,
      1.003434,
      1.005139,
      1.006532,
      1.009187,
      1.009931,
      1.011026,
      1.015225,
      1.017151,
      1.020793,
      1.021885,
      1.027257,
      1.029513,
      1.033878,
      1.039337,
      1.045134,
      1.04882,
      1.053033,
      1.059738,
      1.065938,
      1.074315,
      1.0828,
      1.098119,
      1.101812,
      1.114577,
      1.150676,
      1.194121,
      1.216623,
      1.389843
    ]
  },
  "W6": {
    "top_mediator": "science_skepticism|WVS_I",
    "spectral_gap": 0.713843,
    "spectral_entropy": 3.9071,
    "spectral_radius": 1.4467,
    "year": 2012,
    "fiedler_value": 0.713843,
    "n_pairs": 661,
    "wave": 6,
    "n_constructs_present": 41,
    "spectrum": [
      0.0,
      0.713843,
      0.818134,
      0.841494,
      0.88828,
      0.949098,
      0.96333,
      0.979582,
      0.983991,
      0.98823,
      0.989906,
      0.994243,
      0.995076,
      0.99802,
      0.998774,
      0.999578,
      1.0,
      1.0,
      1.0,
      1.0,
      1.0,
      1.0,
      1.0,
      1.0,
      1.0,
      1.0,
      1.000449,
      1.002302,
      1.004682,
      1.007207,
      1.010526,
      1.011269,
      1.014668,
      1.017438,
      1.022814,
      1.02389,
      1.031572,
      1.036042,
      1.04156,
      1.045617,
      1.047676,
      1.051741,
      1.062083,
      1.081717,
      1.097532,
      1.100983,
      1.129502,
      1.145447,
      1.204727,
      1.260317,
      1.446657
    ]
  }
}