{
  "W5": {
    "top_mediator": "immigrant_origin_status|WVS_G",
    "spectral_gap": 0.752192,
    "spectral_entropy": 3.3236,
    "spectral_radius": 1.3838,
    "year": 2007,
    "fiedler_value": 0.752192,
    "n_pairs": 311,
    "wave": 5,
    "n_constructs_present": 29,
    "spectrum": [
      0.0,
      0.752192,
      0.794977,
      0.853373,
      0.893503,
      0.928749,
      0.980268,
      0.99168,
      0.994118,
      0.99686,
      0.999338,
      0.999781,
      1.001716,
      1.002988,
      1.007573,
      1.013553,
      1.017674,
      1.028388,
      1.040171,
      1.051489,
      1.061089,
      1.08316,
      1.086176,
      1.112558,
      1.144267,
      1.1971,
      1.266938,
      1.316513,
      1.383808
    ]
  },
  "W3": {
    "top_mediator": "job_scarcity_nativist_preference|WVS_C",
    "spectral_gap": 0.808991,
    "spectral_entropy": 3.3239,
    "spectral_radius": 1.4999,
    "year": 1996,
    "fiedler_value": 0.808991,
    "n_pairs": 191,
    "wave": 3,
    "n_constructs_present": 23,
    "spectrum": [
      -0.0,
      0.808991,
      0.823078,
      0.902262,
      0.942477,
      0.976705,
      0.978145,
      0.991801,
      0.993595,
      1.0,
      1.0,
      1.0,
      1.0,
      1.0,
      1.0,
      1.000561,
      1.003295,
      1.009917,
      1.018828,
      1.021385,
      1.035477,
      1.053899,
      1.054903,
      1.07719,
      1.103807,
      1.124646,
      1.173674,
      1.405473,
      1.499892
    ]
  },
  "W4": {
    "top_mediator": "gender_role_traditionalism|WVS_D",
    "spectral_gap": 0.738688,
    "spectral_entropy": 3.3235,
    "spectral_radius": 1.4853,
    "year": 2000,
    "fiedler_value": 0.738688,
    "n_pairs": 212,
    "wave": 4,
    "n_constructs_present": 24,
    "spectrum": [
      -0.0,
      0.738688,
      0.826165,
      0.880342,
      0.92558,
      0.947623,
      0.98361,
      0.990281,
      0.995797,
      0.999433,
      1.0,
      1.0,
      1.0,
      1.0,
      1.0,
      1.004501,
      1.006631,
      1.008887,
      1.024949,
      1.027967,
      1.052844,
      1.062295,
      1.090988,
      1.103812,
      1.154045,
      1.164251,
      1.216248,
      1.309731,
      1.48533
    ]
  }
}