{
  "W5": {
    "top_mediator": "immigrant_origin_status|WVS_G",
    "spectral_gap": 0.673457,
    "spectral_entropy": 3.9445,
    "spectral_radius": 1.452,
    "year": 2007,
    "fiedler_value": 0.673457,
    "n_pairs": 294,
    "wave": 5,
    "n_constructs_present": 28,
    "spectrum": [
      -0.0,
      0.673457,
      0.768244,
      0.796232,
      0.876444,
      0.910251,
      0.925365,
      0.970799,
      0.979609,
      0.986955,
      0.993303,
      0.995886,
      1.0,
      1.0,
      1.0,
      1.0,
      1.0,
      1.0,
      1.0,
      1.0,
      1.0,
      1.0,
      1.0,
      1.0,
      1.0,
      1.0,
      1.0,
      1.0,
      1.0,
      1.0,
      1.0,
      1.0,
      1.0,
      1.0,
      1.0,
      1.0,
      1.0,
      1.0035,
      1.01247,
      1.015816,
      1.030588,
      1.047601,
      1.059365,
      1.060056,
      1.095312,
      1.107773,
      1.128632,
      1.151901,
      1.165379,
      1.215675,
      1.224111,
      1.353247,
      1.45203
    ]
  },
  "W4": {
    "top_mediator": "gender_role_traditionalism|WVS_D",
    "spectral_gap": 0.695705,
    "spectral_entropy": 3.9443,
    "spectral_radius": 1.4656,
    "year": 2000,
    "fiedler_value": 0.695705,
    "n_pairs": 210,
    "wave": 4,
    "n_constructs_present": 24,
    "spectrum": [
      -0.0,
      0.695705,
      0.729681,
      0.80467,
      0.872201,
      0.91167,
      0.972318,
      0.982855,
      0.991142,
      0.999659,
      1.0,
      1.0,
      1.0,
      1.0,
      1.0,
      1.0,
      1.0,
      1.0,
      1.0,
      1.0,
      1.0,
      1.0,
      1.0,
      1.0,
      1.0,
      1.0,
      1.0,
      1.0,
      1.0,
      1.0,
      1.0,
      1.0,
      1.0,
      1.0,
      1.0,
      1.0,
      1.0,
      1.0,
      1.0,
      1.004474,
      1.006629,
      1.019267,
      1.043608,
      1.064185,
      1.069767,
      1.082069,
      1.118155,
      1.151459,
      1.168042,
      1.217393,
      1.255767,
      1.373711,
      1.465575
    ]
  },
  "W7": {
    "top_mediator": "immigrant_origin_status|WVS_G",
    "spectral_gap": 0.700338,
    "spectral_entropy": 3.9452,
    "spectral_radius": 1.4583,
    "year": 2018,
    "fiedler_value": 0.700338,
    "n_pairs": 1095,
    "wave": 7,
    "n_constructs_present": 52,
    "spectrum": [
      -0.0,
      0.700338,
      0.758117,
      0.794791,
      0.826668,
      0.887161,
      0.89973,
      0.937555,
      0.964968,
      0.976051,
      0.98305,
      0.987303,
      0.988289,
      0.991849,
      0.993292,
      0.995938,
      0.997807,
      0.998156,
      0.999094,
      1.0,
      1.001384,
      1.004842,
      1.005887,
      1.007503,
      1.011142,
      1.011958,
      1.015727,
      1.017386,
      1.019641,
      1.0231,
      1.025061,
      1.026211,
      1.030827,
      1.032064,
      1.034744,
      1.035599,
      1.03983,
      1.044098,
      1.051042,
      1.0528,
      1.058154,
      1.063458,
      1.066932,
      1.073534,
      1.079366,
      1.090441,
      1.092215,
      1.111721,
      1.122748,
      1.146843,
      1.190998,
      1.274303,
      1.458284
    ]
  }
}