{
  "W5": {
    "top_mediator": "gender_role_traditionalism|WVS_D",
    "spectral_gap": 0.633984,
    "spectral_entropy": 3.9456,
    "spectral_radius": 1.4996,
    "year": 2007,
    "fiedler_value": 0.633984,
    "n_pairs": 265,
    "wave": 5,
    "n_constructs_present": 27,
    "spectrum": [
      0.0,
      0.633984,
      0.864393,
      0.87507,
      0.933731,
      0.954269,
      0.974946,
      0.983379,
      0.989935,
      0.997638,
      0.999756,
      0.999945,
      1.0,
      1.0,
      1.0,
      1.0,
      1.0,
      1.0,
      1.0,
      1.0,
      1.0,
      1.0,
      1.0,
      1.0,
      1.0,
      1.0,
      1.0,
      1.0,
      1.0,
      1.0,
      1.0,
      1.0,
      1.0,
      1.0,
      1.0,
      1.0,
      1.0,
      1.0,
      1.004189,
      1.004884,
      1.01357,
      1.017575,
      1.028997,
      1.043453,
      1.056354,
      1.073427,
      1.094398,
      1.126076,
      1.143863,
      1.179217,
      1.200666,
      1.306691,
      1.499595
    ]
  },
  "W2": {
    "top_mediator": "gender_role_traditionalism|WVS_D",
    "spectral_gap": 0.747388,
    "spectral_entropy": 3.9466,
    "spectral_radius": 1.4406,
    "year": 1990,
    "fiedler_value": 0.747388,
    "n_pairs": 135,
    "wave": 2,
    "n_constructs_present": 19,
    "spectrum": [
      -0.0,
      0.747388,
      0.848136,
      0.886135,
      0.976524,
      0.983767,
      0.996763,
      1.0,
      1.0,
      1.0,
      1.0,
      1.0,
      1.0,
      1.0,
      1.0,
      1.0,
      1.0,
      1.0,
      1.0,
      1.0,
      1.0,
      1.0,
      1.0,
      1.0,
      1.0,
      1.0,
      1.0,
      1.0,
      1.0,
      1.0,
      1.0,
      1.0,
      1.0,
      1.0,
      1.0,
      1.0,
      1.0,
      1.0,
      1.0,
      1.0,
      1.0,
      1.002819,
      1.005814,
      1.010333,
      1.036829,
      1.05578,
      1.071148,
      1.087051,
      1.097065,
      1.14599,
      1.208951,
      1.39894,
      1.440568
    ]
  },
  "W3": {
    "top_mediator": "gender_role_traditionalism|WVS_D",
    "spectral_gap": 0.650025,
    "spectral_entropy": 3.9451,
    "spectral_radius": 1.4414,
    "year": 1996,
    "fiedler_value": 0.650025,
    "n_pairs": 177,
    "wave": 3,
    "n_constructs_present": 22,
    "spectrum": [
      0.0,
      0.650025,
      0.773347,
      0.836514,
      0.896665,
      0.9652,
      0.982589,
      0.992254,
      0.998828,
      1.0,
      1.0,
      1.0,
      1.0,
      1.0,
      1.0,
      1.0,
      1.0,
      1.0,
      1.0,
      1.0,
      1.0,
      1.0,
      1.0,
      1.0,
      1.0,
      1.0,
      1.0,
      1.0,
      1.0,
      1.0,
      1.0,
      1.0,
      1.0,
      1.0,
      1.0,
      1.0,
      1.0,
      1.0,
      1.0,
      1.0,
      1.006495,
      1.014425,
      1.024453,
      1.057378,
      1.064471,
      1.094693,
      1.121708,
      1.144301,
      1.178112,
      1.198285,
      1.247722,
      1.311091,
      1.441446
    ]
  },
  "W7": {
    "top_mediator": "gender_role_traditionalism|WVS_D",
    "spectral_gap": 0.649177,
    "spectral_entropy": 3.9458,
    "spectral_radius": 1.4247,
    "year": 2018,
    "fiedler_value": 0.649177,
    "n_pairs": 906,
    "wave": 7,
    "n_constructs_present": 48,
    "spectrum": [
      -0.0,
      0.649177,
      0.814021,
      0.858187,
      0.89642,
      0.907903,
      0.921476,
      0.943288,
      0.967663,
      0.97864,
      0.983494,
      0.987278,
      0.989425,
      0.993284,
      0.995563,
      0.996225,
      0.99696,
      0.998091,
      0.99947,
      1.0,
      1.0,
      1.0,
      1.0,
      1.0,
      1.001522,
      1.002106,
      1.002649,
      1.004563,
      1.005718,
      1.006489,
      1.009039,
      1.013628,
      1.016532,
      1.021048,
      1.024246,
      1.026076,
      1.031212,
      1.034975,
      1.04127,
      1.049791,
      1.059324,
      1.064694,
      1.068827,
      1.073841,
      1.081731,
      1.099264,
      1.105837,
      1.113219,
      1.127459,
      1.166995,
      1.181031,
      1.265678,
      1.424669
    ]
  },
  "W6": {
    "top_mediator": "immigrant_origin_status|WVS_G",
    "spectral_gap": 0.699392,
    "spectral_entropy": 3.9458,
    "spectral_radius": 1.4506,
    "year": 2012,
    "fiedler_value": 0.699392,
    "n_pairs": 659,
    "wave": 6,
    "n_constructs_present": 41,
    "spectrum": [
      0.0,
      0.699392,
      0.738249,
      0.873426,
      0.888398,
      0.90858,
      0.945514,
      0.964815,
      0.977784,
      0.984097,
      0.987628,
      0.993323,
      0.99703,
      0.997555,
      0.998484,
      0.998934,
      1.0,
      1.0,
      1.0,
      1.0,
      1.0,
      1.0,
      1.0,
      1.0,
      1.0,
      1.0,
      1.0,
      1.0,
      1.001618,
      1.003112,
      1.00349,
      1.005233,
      1.011113,
      1.017307,
      1.018268,
      1.020586,
      1.026624,
      1.031155,
      1.045676,
      1.046448,
      1.053886,
      1.056478,
      1.067538,
      1.07925,
      1.084778,
      1.087841,
      1.092793,
      1.111514,
      1.133815,
      1.145425,
      1.192918,
      1.2593,
      1.450627
    ]
  }
}