{
  "W4": {
    "top_mediator": "gender_role_traditionalism|WVS_D",
    "spectral_gap": 0.777576,
    "spectral_entropy": 3.9457,
    "spectral_radius": 1.5969,
    "year": 2000,
    "fiedler_value": 0.777576,
    "n_pairs": 212,
    "wave": 4,
    "n_constructs_present": 24,
    "spectrum": [
      0.0,
      0.777576,
      0.81332,
      0.860553,
      0.899567,
      0.929195,
      0.957833,
      0.987117,
      0.994079,
      0.998206,
      1.0,
      1.0,
      1.0,
      1.0,
      1.0,
      1.0,
      1.0,
      1.0,
      1.0,
      1.0,
      1.0,
      1.0,
      1.0,
      1.0,
      1.0,
      1.0,
      1.0,
      1.0,
      1.0,
      1.0,
      1.0,
      1.0,
      1.0,
      1.0,
      1.0,
      1.0,
      1.0,
      1.0,
      1.0,
      1.003213,
      1.010388,
      1.012748,
      1.031031,
      1.043262,
      1.049782,
      1.086626,
      1.092591,
      1.111798,
      1.123094,
      1.140136,
      1.186071,
      1.294906,
      1.596908
    ]
  },
  "W7": {
    "top_mediator": "job_scarcity_gender_discrimination|WVS_C",
    "spectral_gap": 0.642191,
    "spectral_entropy": 3.9452,
    "spectral_radius": 1.4695,
    "year": 2018,
    "fiedler_value": 0.642191,
    "n_pairs": 812,
    "wave": 7,
    "n_constructs_present": 45,
    "spectrum": [
      0.0,
      0.642191,
      0.761876,
      0.821929,
      0.89512,
      0.917656,
      0.95192,
      0.966299,
      0.977658,
      0.984414,
      0.986279,
      0.991564,
      0.994555,
      0.995517,
      0.996797,
      0.997898,
      0.998371,
      0.999631,
      1.0,
      1.0,
      1.0,
      1.0,
      1.0,
      1.0,
      1.0,
      1.0,
      1.000206,
      1.001674,
      1.002325,
      1.003659,
      1.004993,
      1.007916,
      1.010466,
      1.016397,
      1.017108,
      1.021283,
      1.024214,
      1.033608,
      1.038187,
      1.048405,
      1.050205,
      1.058355,
      1.060287,
      1.069189,
      1.082159,
      1.096312,
      1.10721,
      1.138057,
      1.158735,
      1.169613,
      1.198355,
      1.231912,
      1.469495
    ]
  },
  "W6": {
    "top_mediator": "job_scarcity_gender_discrimination|WVS_C",
    "spectral_gap": 0.776652,
    "spectral_entropy": 3.947,
    "spectral_radius": 1.3674,
    "year": 2012,
    "fiedler_value": 0.776652,
    "n_pairs": 768,
    "wave": 6,
    "n_constructs_present": 44,
    "spectrum": [
      -0.0,
      0.776652,
      0.811216,
      0.854899,
      0.872676,
      0.918058,
      0.939106,
      0.98089,
      0.982426,
      0.986247,
      0.990542,
      0.991323,
      0.994473,
      0.995297,
      0.995952,
      0.997689,
      0.999177,
      0.999544,
      1.0,
      1.0,
      1.0,
      1.0,
      1.0,
      1.0,
      1.0,
      1.0,
      1.0,
      1.00128,
      1.002217,
      1.003629,
      1.004341,
      1.006027,
      1.007475,
      1.011173,
      1.014836,
      1.017691,
      1.020167,
      1.026148,
      1.032389,
      1.038064,
      1.041911,
      1.046246,
      1.055183,
      1.069627,
      1.073958,
      1.079327,
      1.091144,
      1.111639,
      1.128054,
      1.154361,
      1.246578,
      1.262917,
      1.367449
    ]
  }
}