{
  "W5": {
    "top_mediator": "gender_role_traditionalism|WVS_D",
    "spectral_gap": 0.648476,
    "spectral_entropy": 3.9251,
    "spectral_radius": 1.5503,
    "year": 2007,
    "fiedler_value": 0.648476,
    "n_pairs": 284,
    "wave": 5,
    "n_constructs_present": 28,
    "spectrum": [
      0.0,
      0.648476,
      0.776094,
      0.862985,
      0.890843,
      0.920505,
      0.960429,
      0.973853,
      0.982906,
      0.990554,
      0.997116,
      0.998717,
      1.0,
      1.0,
      1.0,
      1.0,
      1.0,
      1.0,
      1.0,
      1.0,
      1.0,
      1.0,
      1.0,
      1.0,
      1.0,
      1.0,
      1.0,
      1.0,
      1.0,
      1.0,
      1.0,
      1.0,
      1.0,
      1.0,
      1.0,
      1.0,
      1.002445,
      1.014451,
      1.0193,
      1.021874,
      1.025676,
      1.050464,
      1.057549,
      1.064306,
      1.087568,
      1.115452,
      1.142563,
      1.166683,
      1.173607,
      1.236669,
      1.268645,
      1.550269
    ]
  },
  "W4": {
    "top_mediator": "gender_role_traditionalism|WVS_D",
    "spectral_gap": 0.702446,
    "spectral_entropy": 3.9253,
    "spectral_radius": 1.5147,
    "year": 2000,
    "fiedler_value": 0.702446,
    "n_pairs": 155,
    "wave": 4,
    "n_constructs_present": 21,
    "spectrum": [
      0.0,
      0.702446,
      0.811376,
      0.838972,
      0.912872,
      0.962572,
      0.980335,
      0.986948,
      0.997256,
      1.0,
      1.0,
      1.0,
      1.0,
      1.0,
      1.0,
      1.0,
      1.0,
      1.0,
      1.0,
      1.0,
      1.0,
      1.0,
      1.0,
      1.0,
      1.0,
      1.0,
      1.0,
      1.0,
      1.0,
      1.0,
      1.0,
      1.0,
      1.0,
      1.0,
      1.0,
      1.0,
      1.0,
      1.0,
      1.0,
      1.0,
      1.001916,
      1.012523,
      1.026229,
      1.045304,
      1.071374,
      1.081437,
      1.099866,
      1.106254,
      1.137988,
      1.261333,
      1.448313,
      1.514686
    ]
  },
  "W7": {
    "top_mediator": "work_ethic|WVS_C",
    "spectral_gap": 0.790493,
    "spectral_entropy": 3.9285,
    "spectral_radius": 1.4123,
    "year": 2018,
    "fiedler_value": 0.790493,
    "n_pairs": 982,
    "wave": 7,
    "n_constructs_present": 49,
    "spectrum": [
      -0.0,
      0.790493,
      0.825546,
      0.877797,
      0.962908,
      0.976034,
      0.987152,
      0.989528,
      0.994139,
      0.99496,
      0.995124,
      0.996536,
      0.997601,
      0.99818,
      0.998442,
      0.998634,
      0.999304,
      0.99974,
      1.0,
      1.0,
      1.0,
      1.000192,
      1.000751,
      1.001308,
      1.001583,
      1.002222,
      1.002511,
      1.003398,
      1.0048,
      1.006162,
      1.008153,
      1.008402,
      1.009613,
      1.011183,
      1.014154,
      1.016077,
      1.02107,
      1.024185,
      1.028524,
      1.029804,
      1.035108,
      1.038955,
      1.046565,
      1.062387,
      1.079014,
      1.084599,
      1.100982,
      1.104833,
      1.108242,
      1.138927,
      1.211874,
      1.412301
    ]
  }
}