{
  "W5": {
    "top_mediator": "gender_role_traditionalism|WVS_D",
    "spectral_gap": 0.7313,
    "spectral_entropy": 3.9634,
    "spectral_radius": 1.5629,
    "year": 2007,
    "fiedler_value": 0.7313,
    "n_pairs": 359,
    "wave": 5,
    "n_constructs_present": 31,
    "spectrum": [
      -0.0,
      0.7313,
      0.746283,
      0.794608,
      0.829401,
      0.908824,
      0.920286,
      0.978487,
      0.982097,
      0.989741,
      0.995231,
      0.996488,
      0.9998,
      1.0,
      1.0,
      1.0,
      1.0,
      1.0,
      1.0,
      1.0,
      1.0,
      1.0,
      1.0,
      1.0,
      1.0,
      1.0,
      1.0,
      1.0,
      1.0,
      1.0,
      1.0,
      1.0,
      1.0,
      1.0,
      1.0,
      1.0,
      1.009537,
      1.013109,
      1.018926,
      1.022232,
      1.025597,
      1.037745,
      1.052308,
      1.059188,
      1.063589,
      1.071103,
      1.086282,
      1.103045,
      1.116091,
      1.12976,
      1.18903,
      1.264997,
      1.301982,
      1.562934
    ]
  },
  "W2": {
    "top_mediator": "job_scarcity_gender_discrimination|WVS_C",
    "spectral_gap": 0.729274,
    "spectral_entropy": 3.9643,
    "spectral_radius": 1.5226,
    "year": 1990,
    "fiedler_value": 0.729274,
    "n_pairs": 134,
    "wave": 2,
    "n_constructs_present": 19,
    "spectrum": [
      0.0,
      0.729274,
      0.812339,
      0.847954,
      0.924705,
      0.981985,
      0.996333,
      0.999919,
      1.0,
      1.0,
      1.0,
      1.0,
      1.0,
      1.0,
      1.0,
      1.0,
      1.0,
      1.0,
      1.0,
      1.0,
      1.0,
      1.0,
      1.0,
      1.0,
      1.0,
      1.0,
      1.0,
      1.0,
      1.0,
      1.0,
      1.0,
      1.0,
      1.0,
      1.0,
      1.0,
      1.0,
      1.0,
      1.0,
      1.0,
      1.0,
      1.0,
      1.0,
      1.0,
      1.003728,
      1.019491,
      1.034373,
      1.048007,
      1.059662,
      1.073042,
      1.099341,
      1.120155,
      1.277917,
      1.449134,
      1.52264
    ]
  },
  "W3": {
    "top_mediator": "job_scarcity_nativist_preference|WVS_C",
    "spectral_gap": 0.663525,
    "spectral_entropy": 3.9642,
    "spectral_radius": 1.4706,
    "year": 1996,
    "fiedler_value": 0.663525,
    "n_pairs": 160,
    "wave": 3,
    "n_constructs_present": 21,
    "spectrum": [
      -0.0,
      0.663525,
      0.770191,
      0.820446,
      0.924414,
      0.973482,
      0.981919,
      0.99747,
      0.998896,
      1.0,
      1.0,
      1.0,
      1.0,
      1.0,
      1.0,
      1.0,
      1.0,
      1.0,
      1.0,
      1.0,
      1.0,
      1.0,
      1.0,
      1.0,
      1.0,
      1.0,
      1.0,
      1.0,
      1.0,
      1.0,
      1.0,
      1.0,
      1.0,
      1.0,
      1.0,
      1.0,
      1.0,
      1.0,
      1.0,
      1.0,
      1.0,
      1.0,
      1.010102,
      1.025312,
      1.048981,
      1.056036,
      1.092137,
      1.12155,
      1.136709,
      1.148454,
      1.166712,
      1.274241,
      1.31883,
      1.470594
    ]
  },
  "W4": {
    "top_mediator": "gender_role_traditionalism|WVS_D",
    "spectral_gap": 0.752396,
    "spectral_entropy": 3.9645,
    "spectral_radius": 1.6337,
    "year": 2000,
    "fiedler_value": 0.752396,
    "n_pairs": 210,
    "wave": 4,
    "n_constructs_present": 24,
    "spectrum": [
      -0.0,
      0.752396,
      0.78898,
      0.862786,
      0.93572,
      0.968552,
      0.970667,
      0.981049,
      0.997461,
      1.0,
      1.0,
      1.0,
      1.0,
      1.0,
      1.0,
      1.0,
      1.0,
      1.0,
      1.0,
      1.0,
      1.0,
      1.0,
      1.0,
      1.0,
      1.0,
      1.0,
      1.0,
      1.0,
      1.0,
      1.0,
      1.0,
      1.0,
      1.0,
      1.0,
      1.0,
      1.0,
      1.0,
      1.0,
      1.0,
      1.000264,
      1.00306,
      1.00791,
      1.012265,
      1.02556,
      1.033475,
      1.039372,
      1.05791,
      1.063665,
      1.096956,
      1.146084,
      1.154021,
      1.205164,
      1.263008,
      1.633673
    ]
  },
  "W7": {
    "top_mediator": "science_skepticism|WVS_I",
    "spectral_gap": 0.706641,
    "spectral_entropy": 3.9637,
    "spectral_radius": 1.529,
    "year": 2018,
    "fiedler_value": 0.706641,
    "n_pairs": 1138,
    "wave": 7,
    "n_constructs_present": 53,
    "spectrum": [
      -0.0,
      0.706641,
      0.788359,
      0.803508,
      0.811676,
      0.851368,
      0.892367,
      0.919525,
      0.94393,
      0.968017,
      0.976434,
      0.979246,
      0.983258,
      0.987809,
      0.990202,
      0.992091,
      0.993562,
      0.994972,
      0.997082,
      0.99776,
      0.999413,
      1.0,
      1.002102,
      1.002712,
      1.00352,
      1.00497,
      1.005329,
      1.007543,
      1.009621,
      1.011298,
      1.01288,
      1.015645,
      1.024645,
      1.026352,
      1.029539,
      1.033334,
      1.037467,
      1.042821,
      1.044616,
      1.049054,
      1.05122,
      1.060911,
      1.065623,
      1.071319,
      1.081866,
      1.102099,
      1.103556,
      1.120133,
      1.126435,
      1.150579,
      1.166463,
      1.196214,
      1.233907,
      1.529007
    ]
  },
  "W6": {
    "top_mediator": "immigrant_origin_status|WVS_G",
    "spectral_gap": 0.727236,
    "spectral_entropy": 3.9656,
    "spectral_radius": 1.4596,
    "year": 2012,
    "fiedler_value": 0.727236,
    "n_pairs": 669,
    "wave": 6,
    "n_constructs_present": 41,
    "spectrum": [
      -0.0,
      0.727236,
      0.822716,
      0.852594,
      0.891821,
      0.905162,
      0.921123,
      0.976498,
      0.981071,
      0.986668,
      0.992805,
      0.995029,
      0.996174,
      0.997365,
      0.999081,
      0.999926,
      1.0,
      1.0,
      1.0,
      1.0,
      1.0,
      1.0,
      1.0,
      1.0,
      1.0,
      1.0,
      1.0,
      1.0,
      1.0,
      1.000887,
      1.001802,
      1.002652,
      1.005349,
      1.009037,
      1.010756,
      1.014584,
      1.019042,
      1.02426,
      1.02635,
      1.034502,
      1.038062,
      1.044158,
      1.053672,
      1.059154,
      1.070645,
      1.081022,
      1.083557,
      1.103093,
      1.125953,
      1.142815,
      1.155874,
      1.179933,
      1.207983,
      1.459589
    ]
  }
}