{
  "W5": {
    "top_mediator": "immigrant_origin_status|WVS_G",
    "spectral_gap": 0.641198,
    "spectral_entropy": 3.8646,
    "spectral_radius": 1.4194,
    "year": 2007,
    "fiedler_value": 0.641198,
    "n_pairs": 242,
    "wave": 5,
    "n_constructs_present": 26,
    "spectrum": [
      0.0,
      0.641198,
      0.783372,
      0.870227,
      0.88424,
      0.938351,
      0.983504,
      0.987187,
      0.995075,
      0.996146,
      0.998906,
      0.999756,
      1.0,
      1.0,
      1.0,
      1.0,
      1.0,
      1.0,
      1.0,
      1.0,
      1.0,
      1.0,
      1.0,
      1.0,
      1.0,
      1.0,
      1.0,
      1.0,
      1.0,
      1.0,
      1.0,
      1.0,
      1.0,
      1.0,
      1.0,
      1.004913,
      1.012987,
      1.031892,
      1.045416,
      1.058208,
      1.072196,
      1.075284,
      1.093911,
      1.129797,
      1.162346,
      1.221706,
      1.272601,
      1.321336,
      1.419445
    ]
  },
  "W4": {
    "top_mediator": "job_scarcity_gender_discrimination|WVS_C",
    "spectral_gap": 0.731967,
    "spectral_entropy": 3.8644,
    "spectral_radius": 1.5155,
    "year": 2000,
    "fiedler_value": 0.731967,
    "n_pairs": 153,
    "wave": 4,
    "n_constructs_present": 21,
    "spectrum": [
      0.0,
      0.731967,
      0.752784,
      0.786934,
      0.883793,
      0.956793,
      0.989467,
      0.994713,
      0.996931,
      1.0,
      1.0,
      1.0,
      1.0,
      1.0,
      1.0,
      1.0,
      1.0,
      1.0,
      1.0,
      1.0,
      1.0,
      1.0,
      1.0,
      1.0,
      1.0,
      1.0,
      1.0,
      1.0,
      1.0,
      1.0,
      1.0,
      1.0,
      1.0,
      1.0,
      1.0,
      1.0,
      1.0,
      1.010347,
      1.029734,
      1.038856,
      1.054608,
      1.073903,
      1.102167,
      1.158516,
      1.184007,
      1.198237,
      1.234852,
      1.305922,
      1.51547
    ]
  },
  "W7": {
    "top_mediator": "science_skepticism|WVS_I",
    "spectral_gap": 0.666856,
    "spectral_entropy": 3.8643,
    "spectral_radius": 1.4529,
    "year": 2018,
    "fiedler_value": 0.666856,
    "n_pairs": 861,
    "wave": 7,
    "n_constructs_present": 46,
    "spectrum": [
      -0.0,
      0.666856,
      0.741451,
      0.794802,
      0.840339,
      0.916781,
      0.930704,
      0.951587,
      0.976715,
      0.982084,
      0.98524,
      0.988664,
      0.993654,
      0.994175,
      0.99611,
      0.998723,
      0.99969,
      0.999982,
      1.0,
      1.0,
      1.0,
      1.003047,
      1.004575,
      1.006077,
      1.008579,
      1.01072,
      1.01177,
      1.017698,
      1.023095,
      1.026029,
      1.029483,
      1.035565,
      1.0384,
      1.046001,
      1.049105,
      1.053695,
      1.055021,
      1.060738,
      1.066406,
      1.068964,
      1.077495,
      1.084759,
      1.100974,
      1.116796,
      1.122441,
      1.155921,
      1.214045,
      1.302161,
      1.452884
    ]
  }
}